,Family,Superfamily,Class,TE_human
1,L1MC5a,L1,LINE,L1MC5a|L1|LINE
2,MER5B,hAT-Charlie,DNA,MER5B|hAT-Charlie|DNA
3,MIR3,MIR,SINE,MIR3|MIR|SINE
4,L2a,L2,LINE,L2a|L2|LINE
5,L3,CR1,LINE,L3|CR1|LINE
6,Plat_L3,CR1,LINE,Plat_L3|CR1|LINE
7,MLT1K,ERVL-MaLR,LTR,MLT1K|ERVL-MaLR|LTR
8,MIR,MIR,SINE,MIR|MIR|SINE
9,L2b,L2,LINE,L2b|L2|LINE
12,MIR1_Amn,MIR,SINE,MIR1_Amn|MIR|SINE
13,L2c,L2,LINE,L2c|L2|LINE
14,AluSp,Alu,SINE,AluSp|Alu|SINE
16,MER33,hAT-Charlie,DNA,MER33|hAT-Charlie|DNA
17,MIRb,MIR,SINE,MIRb|MIR|SINE
19,L1MB3,L1,LINE,L1MB3|L1|LINE
20,MER53,hAT,DNA,MER53|hAT|DNA
21,MLT1A,ERVL-MaLR,LTR,MLT1A|ERVL-MaLR|LTR
23,MIRc,MIR,SINE,MIRc|MIR|SINE
24,AluJo,Alu,SINE,AluJo|Alu|SINE
27,L1MB5,L1,LINE,L1MB5|L1|LINE
28,Alu,Alu,SINE,Alu|Alu|SINE
29,L1PA6,L1,LINE,L1PA6|L1|LINE
30,L1P1,L1,LINE,L1P1|L1|LINE
32,MLT1J2,ERVL-MaLR,LTR,MLT1J2|ERVL-MaLR|LTR
34,AluJr,Alu,SINE,AluJr|Alu|SINE
35,Charlie5,hAT-Charlie,DNA,Charlie5|hAT-Charlie|DNA
38,MLT1E1A-int,ERVL-MaLR,LTR,MLT1E1A-int|ERVL-MaLR|LTR
39,MLT1E1A,ERVL-MaLR,LTR,MLT1E1A|ERVL-MaLR|LTR
40,AluSx,Alu,SINE,AluSx|Alu|SINE
43,AluSz6,Alu,SINE,AluSz6|Alu|SINE
44,LTR16C,ERVL,LTR,LTR16C|ERVL|LTR
45,ERV3-16A3_I-int,ERVL,LTR,ERV3-16A3_I-int|ERVL|LTR
46,MamRep1527,LTR,LTR,MamRep1527|LTR|LTR
47,L1MA8,L1,LINE,L1MA8|L1|LINE
49,L1M5,L1,LINE,L1M5|L1|LINE
50,L1MA9,L1,LINE,L1MA9|L1|LINE
51,LTR12F,ERV1,LTR,LTR12F|ERV1|LTR
52,MER45A,hAT-Tip100,DNA,MER45A|hAT-Tip100|DNA
53,MER58A,hAT-Charlie,DNA,MER58A|hAT-Charlie|DNA
54,L1PA14,L1,LINE,L1PA14|L1|LINE
55,AluYj4,Alu,SINE,AluYj4|Alu|SINE
56,L2,L2,LINE,L2|L2|LINE
57,FLAM_A,Alu,SINE,FLAM_A|Alu|SINE
60,MER47A,TcMar-Tigger,DNA,MER47A|TcMar-Tigger|DNA
61,L1ME4c,L1,LINE,L1ME4c|L1|LINE
62,AluSc,Alu,SINE,AluSc|Alu|SINE
64,L1PA4,L1,LINE,L1PA4|L1|LINE
67,LTR89,ERVL,LTR,LTR89|ERVL|LTR
71,L1PA7,L1,LINE,L1PA7|L1|LINE
73,L1PA16,L1,LINE,L1PA16|L1|LINE
75,L1PA2,L1,LINE,L1PA2|L1|LINE
78,AluSz,Alu,SINE,AluSz|Alu|SINE
81,L1M2,L1,LINE,L1M2|L1|LINE
84,L1PREC2,L1,LINE,L1PREC2|L1|LINE
85,L1PB,L1,LINE,L1PB|L1|LINE
86,Tigger5b,TcMar-Tigger,DNA,Tigger5b|TcMar-Tigger|DNA
87,AluSc5,Alu,SINE,AluSc5|Alu|SINE
89,Tigger5,TcMar-Tigger,DNA,Tigger5|TcMar-Tigger|DNA
91,L1M4,L1,LINE,L1M4|L1|LINE
96,HAL1M8,L1,LINE,HAL1M8|L1|LINE
98,LTR103b_Mam,ERV1,LTR,LTR103b_Mam|ERV1|LTR
103,MLT1H2,ERVL-MaLR,LTR,MLT1H2|ERVL-MaLR|LTR
105,AluY,Alu,SINE,AluY|Alu|SINE
106,MER4D1,ERV1,LTR,MER4D1|ERV1|LTR
107,MER4CL34,ERV1,LTR,MER4CL34|ERV1|LTR
111,L5,RTE-X,LINE,L5|RTE-X|LINE
114,MLT1H,ERVL-MaLR,LTR,MLT1H|ERVL-MaLR|LTR
116,MLT1I,ERVL-MaLR,LTR,MLT1I|ERVL-MaLR|LTR
117,AluSg4,Alu,SINE,AluSg4|Alu|SINE
119,MamRep605,LTR,LTR,MamRep605|LTR|LTR
128,AluSx3,Alu,SINE,AluSx3|Alu|SINE
130,LTR33,ERVL,LTR,LTR33|ERVL|LTR
131,MSTB1,ERVL-MaLR,LTR,MSTB1|ERVL-MaLR|LTR
132,AluSq,Alu,SINE,AluSq|Alu|SINE
139,MLT1C,ERVL-MaLR,LTR,MLT1C|ERVL-MaLR|LTR
142,AluJb,Alu,SINE,AluJb|Alu|SINE
144,FAM,Alu,SINE,FAM|Alu|SINE
147,AluSq2,Alu,SINE,AluSq2|Alu|SINE
149,MLT1F2,ERVL-MaLR,LTR,MLT1F2|ERVL-MaLR|LTR
150,L1ME3E,L1,LINE,L1ME3E|L1|LINE
151,LTR33B,ERVL,LTR,LTR33B|ERVL|LTR
153,MER65D,ERV1,LTR,MER65D|ERV1|LTR
159,MLT1D,ERVL-MaLR,LTR,MLT1D|ERVL-MaLR|LTR
161,THE1C,ERVL-MaLR,LTR,THE1C|ERVL-MaLR|LTR
163,L1MA5,L1,LINE,L1MA5|L1|LINE
176,FLAM_C,Alu,SINE,FLAM_C|Alu|SINE
179,AluSg,Alu,SINE,AluSg|Alu|SINE
183,MER1A,hAT-Charlie,DNA,MER1A|hAT-Charlie|DNA
186,MER21C,ERVL,LTR,MER21C|ERVL|LTR
196,LTR41,ERVL,LTR,LTR41|ERVL|LTR
207,AluJr4,Alu,SINE,AluJr4|Alu|SINE
210,L1MB8,L1,LINE,L1MB8|L1|LINE
216,Tigger12,TcMar-Tigger,DNA,Tigger12|TcMar-Tigger|DNA
218,LTR37A,ERV1,LTR,LTR37A|ERV1|LTR
223,AluSg7,Alu,SINE,AluSg7|Alu|SINE
232,MER11C,ERVK,LTR,MER11C|ERVK|LTR
236,L1ME4b,L1,LINE,L1ME4b|L1|LINE
242,MER8,TcMar-Tigger,DNA,MER8|TcMar-Tigger|DNA
245,AluSx1,Alu,SINE,AluSx1|Alu|SINE
248,MSTD,ERVL-MaLR,LTR,MSTD|ERVL-MaLR|LTR
257,AluYh3,Alu,SINE,AluYh3|Alu|SINE
261,Charlie4z,hAT-Charlie,DNA,Charlie4z|hAT-Charlie|DNA
281,Charlie15a,hAT-Charlie,DNA,Charlie15a|hAT-Charlie|DNA
308,MLT1J,ERVL-MaLR,LTR,MLT1J|ERVL-MaLR|LTR
314,MLT2B3,ERVL,LTR,MLT2B3|ERVL|LTR
318,MER31-int,ERV1,LTR,MER31-int|ERV1|LTR
319,MER92-int,ERV1,LTR,MER92-int|ERV1|LTR
325,MER34A,ERV1,LTR,MER34A|ERV1|LTR
326,L1MC3,L1,LINE,L1MC3|L1|LINE
327,MSTA1,ERVL-MaLR,LTR,MSTA1|ERVL-MaLR|LTR
330,MER4A1,ERV1,LTR,MER4A1|ERV1|LTR
345,L1ME4a,L1,LINE,L1ME4a|L1|LINE
396,AluYc,Alu,SINE,AluYc|Alu|SINE
410,L1MC,L1,LINE,L1MC|L1|LINE
415,MER4A,ERV1,LTR,MER4A|ERV1|LTR
417,Charlie30a,hAT-Charlie,DNA,Charlie30a|hAT-Charlie|DNA
418,MER31B,ERV1,LTR,MER31B|ERV1|LTR
420,L1MA4,L1,LINE,L1MA4|L1|LINE
425,Charlie9,hAT-Charlie,DNA,Charlie9|hAT-Charlie|DNA
427,Ricksha_0,MULE-MuDR,DNA,Ricksha_0|MULE-MuDR|DNA
429,Tigger4b,TcMar-Tigger,DNA,Tigger4b|TcMar-Tigger|DNA
430,Charlie20a,hAT-Charlie,DNA,Charlie20a|hAT-Charlie|DNA
433,L1MD3,L1,LINE,L1MD3|L1|LINE
437,AluYf1,Alu,SINE,AluYf1|Alu|SINE
440,L1MC4a,L1,LINE,L1MC4a|L1|LINE
447,MER39B,ERV1,LTR,MER39B|ERV1|LTR
449,L1ME1,L1,LINE,L1ME1|L1|LINE
455,LTR9B,ERV1,LTR,LTR9B|ERV1|LTR
457,MER5A,hAT-Charlie,DNA,MER5A|hAT-Charlie|DNA
459,MER4E1,ERV1,LTR,MER4E1|ERV1|LTR
466,MLT1E3,ERVL-MaLR,LTR,MLT1E3|ERVL-MaLR|LTR
472,LTR37B,ERV1,LTR,LTR37B|ERV1|LTR
474,MLT1O,ERVL-MaLR,LTR,MLT1O|ERVL-MaLR|LTR
476,MSTA,ERVL-MaLR,LTR,MSTA|ERVL-MaLR|LTR
483,MER103C,hAT-Charlie,DNA,MER103C|hAT-Charlie|DNA
486,LTR39,ERV1,LTR,LTR39|ERV1|LTR
533,L1ME3B,L1,LINE,L1ME3B|L1|LINE
536,L1PA5,L1,LINE,L1PA5|L1|LINE
538,L1ME3D,L1,LINE,L1ME3D|L1|LINE
541,L1P4,L1,LINE,L1P4|L1|LINE
544,L1MA2,L1,LINE,L1MA2|L1|LINE
547,LTR22C2,ERVK,LTR,LTR22C2|ERVK|LTR
548,L1PA15-16,L1,LINE,L1PA15-16|L1|LINE
551,L1PA8A,L1,LINE,L1PA8A|L1|LINE
552,L1PA8,L1,LINE,L1PA8|L1|LINE
580,L1PA10,L1,LINE,L1PA10|L1|LINE
582,L1MEd,L1,LINE,L1MEd|L1|LINE
585,ERVL-int,ERVL,LTR,ERVL-int|ERVL|LTR
586,L1MA7,L1,LINE,L1MA7|L1|LINE
600,L1MEc,L1,LINE,L1MEc|L1|LINE
603,L1M7,L1,LINE,L1M7|L1|LINE
609,MLT1H1,ERVL-MaLR,LTR,MLT1H1|ERVL-MaLR|LTR
610,THE1B,ERVL-MaLR,LTR,THE1B|ERVL-MaLR|LTR
611,THE1B-int,ERVL-MaLR,LTR,THE1B-int|ERVL-MaLR|LTR
614,MLT1H1-int,ERVL-MaLR,LTR,MLT1H1-int|ERVL-MaLR|LTR
616,LTR64,ERV1,LTR,LTR64|ERV1|LTR
633,THE1D,ERVL-MaLR,LTR,THE1D|ERVL-MaLR|LTR
772,MER112,hAT-Charlie,DNA,MER112|hAT-Charlie|DNA
785,MLT1F1,ERVL-MaLR,LTR,MLT1F1|ERVL-MaLR|LTR
855,MER124,DNA,DNA,MER124|DNA|DNA
906,L1PA11,L1,LINE,L1PA11|L1|LINE
980,L1M4c,L1,LINE,L1M4c|L1|LINE
1118,FRAM,Alu,SINE,FRAM|Alu|SINE
1126,MER3,hAT-Charlie,DNA,MER3|hAT-Charlie|DNA
1127,MER5A1,hAT-Charlie,DNA,MER5A1|hAT-Charlie|DNA
1129,L1ME3,L1,LINE,L1ME3|L1|LINE
1130,L1MEg,L1,LINE,L1MEg|L1|LINE
1131,L1MC4,L1,LINE,L1MC4|L1|LINE
1136,LTR104_Mam,Gypsy,LTR,LTR104_Mam|Gypsy|LTR
1137,BLACKJACK,hAT-Blackjack,DNA,BLACKJACK|hAT-Blackjack|DNA
1138,L1M3,L1,LINE,L1M3|L1|LINE
1141,LTR7,ERV1,LTR,LTR7|ERV1|LTR
1144,MER67C,ERV1,LTR,MER67C|ERV1|LTR
1145,LTR67B,ERVL,LTR,LTR67B|ERVL|LTR
1150,LTR79,ERVL,LTR,LTR79|ERVL|LTR
1151,Charlie1b,hAT-Charlie,DNA,Charlie1b|hAT-Charlie|DNA
1153,Charlie1a,hAT-Charlie,DNA,Charlie1a|hAT-Charlie|DNA
1154,Tigger3a,TcMar-Tigger,DNA,Tigger3a|TcMar-Tigger|DNA
1165,MER113A,hAT-Charlie,DNA,MER113A|hAT-Charlie|DNA
1168,MER44B,TcMar-Tigger,DNA,MER44B|TcMar-Tigger|DNA
1170,Chap1_Mam,hAT-Charlie,DNA,Chap1_Mam|hAT-Charlie|DNA
1172,L1M8,L1,LINE,L1M8|L1|LINE
1179,MER102c,hAT-Charlie,DNA,MER102c|hAT-Charlie|DNA
1182,MER44D,TcMar-Tigger,DNA,MER44D|TcMar-Tigger|DNA
1184,MER41D,ERV1,LTR,MER41D|ERV1|LTR
1186,HAL1,L1,LINE,HAL1|L1|LINE
1188,MLT1A1,ERVL-MaLR,LTR,MLT1A1|ERVL-MaLR|LTR
1191,LTR78,ERV1,LTR,LTR78|ERV1|LTR
1200,SVA_D,SVA,Retroposon,SVA_D|SVA|Retroposon
1202,L1M4b,L1,LINE,L1M4b|L1|LINE
1207,MLT1B,ERVL-MaLR,LTR,MLT1B|ERVL-MaLR|LTR
1209,L1MC1,L1,LINE,L1MC1|L1|LINE
1213,L1PA3,L1,LINE,L1PA3|L1|LINE
1216,Charlie19a,hAT-Charlie,DNA,Charlie19a|hAT-Charlie|DNA
1220,LTR2C,ERV1,LTR,LTR2C|ERV1|LTR
1229,L1MB4,L1,LINE,L1MB4|L1|LINE
1241,AluSc8,Alu,SINE,AluSc8|Alu|SINE
1245,LOR1-int,ERV1,LTR,LOR1-int|ERV1|LTR
1252,LTR57-int,ERVL,LTR,LTR57-int|ERVL|LTR
1255,LTR49-int,ERV1,LTR,LTR49-int|ERV1|LTR
1258,HERVK9-int,ERVK,LTR,HERVK9-int|ERVK|LTR
1263,MER9a2,ERVK,LTR,MER9a2|ERVK|LTR
1265,MER102a,hAT-Charlie,DNA,MER102a|hAT-Charlie|DNA
1269,MER67A,ERV1,LTR,MER67A|ERV1|LTR
1274,MER2,TcMar-Tigger,DNA,MER2|TcMar-Tigger|DNA
1277,HERV16-int,ERVL,LTR,HERV16-int|ERVL|LTR
1299,MER63B,hAT-Blackjack,DNA,MER63B|hAT-Blackjack|DNA
1310,MER4A1_,ERV1,LTR,MER4A1_|ERV1|LTR
1355,MLT1G1,ERVL-MaLR,LTR,MLT1G1|ERVL-MaLR|LTR
1360,AluYa5,Alu,SINE,AluYa5|Alu|SINE
1361,L1MD,L1,LINE,L1MD|L1|LINE
1381,LTR12C,ERV1,LTR,LTR12C|ERV1|LTR
1397,LTR13A,ERVK,LTR,LTR13A|ERVK|LTR
1402,L1ME2,L1,LINE,L1ME2|L1|LINE
1450,MER49,ERV1,LTR,MER49|ERV1|LTR
1454,MER50,ERV1,LTR,MER50|ERV1|LTR
1460,AluSx4,Alu,SINE,AluSx4|Alu|SINE
1464,L1PB1,L1,LINE,L1PB1|L1|LINE
1479,MER41B,ERV1,LTR,MER41B|ERV1|LTR
1480,MER30,hAT-Charlie,DNA,MER30|hAT-Charlie|DNA
1486,Arthur1B,hAT-Tip100,DNA,Arthur1B|hAT-Tip100|DNA
1504,LTR46,ERV1,LTR,LTR46|ERV1|LTR
1527,MER9a1,ERVK,LTR,MER9a1|ERVK|LTR
1567,LTR13,ERVK,LTR,LTR13|ERVK|LTR
1571,LTR13_,ERVK,LTR,LTR13_|ERVK|LTR
1577,MER54A,ERVL,LTR,MER54A|ERVL|LTR
1585,MER68,ERVL,LTR,MER68|ERVL|LTR
1592,L3b,CR1,LINE,L3b|CR1|LINE
1597,MER4B,ERV1,LTR,MER4B|ERV1|LTR
1598,MER4B-int,ERV1,LTR,MER4B-int|ERV1|LTR
1613,AluYe5,Alu,SINE,AluYe5|Alu|SINE
1645,AluSq4,Alu,SINE,AluSq4|Alu|SINE
1665,MER20,hAT-Charlie,DNA,MER20|hAT-Charlie|DNA
1671,MER63D,hAT-Blackjack,DNA,MER63D|hAT-Blackjack|DNA
1681,MER66C,ERV1,LTR,MER66C|ERV1|LTR
1688,MER66-int,ERV1,LTR,MER66-int|ERV1|LTR
1707,AluYk11,Alu,SINE,AluYk11|Alu|SINE
1729,AluYh9,Alu,SINE,AluYh9|Alu|SINE
1737,MER74B,ERVL,LTR,MER74B|ERVL|LTR
1738,LTR5_Hs,ERVK,LTR,LTR5_Hs|ERVK|LTR
1743,LTR2B,ERV1,LTR,LTR2B|ERV1|LTR
1744,Harlequin-int,ERV1,LTR,Harlequin-int|ERV1|LTR
1751,LTR75,ERVL,LTR,LTR75|ERVL|LTR
1774,AluYa8,Alu,SINE,AluYa8|Alu|SINE
1777,LTR10A,ERV1,LTR,LTR10A|ERV1|LTR
1780,HERV9N-int,ERV1,LTR,HERV9N-int|ERV1|LTR
1786,HERVIP10F-int,ERV1,LTR,HERVIP10F-int|ERV1|LTR
1787,MER131,DNA,DNA,MER131|DNA|DNA
1806,MLT1A0,ERVL-MaLR,LTR,MLT1A0|ERVL-MaLR|LTR
1815,AluYh3a3,Alu,SINE,AluYh3a3|Alu|SINE
1824,LTR7B,ERV1,LTR,LTR7B|ERV1|LTR
1899,L1M1,L1,LINE,L1M1|L1|LINE
1916,Charlie22a,hAT-Charlie,DNA,Charlie22a|hAT-Charlie|DNA
1974,AluYk3,Alu,SINE,AluYk3|Alu|SINE
1993,MER65A,ERV1,LTR,MER65A|ERV1|LTR
1996,MER65-int,ERV1,LTR,MER65-int|ERV1|LTR
2000,MER52A,ERV1,LTR,MER52A|ERV1|LTR
2024,MER52C,ERV1,LTR,MER52C|ERV1|LTR
2044,MER83,ERV1,LTR,MER83|ERV1|LTR
2062,MER113,hAT-Charlie,DNA,MER113|hAT-Charlie|DNA
2075,LTR26B,ERV1,LTR,LTR26B|ERV1|LTR
2076,LTR42,ERVL,LTR,LTR42|ERVL|LTR
2080,MER4D,ERV1,LTR,MER4D|ERV1|LTR
2102,L1M4a2,L1,LINE,L1M4a2|L1|LINE
2124,Tigger1a_Art,TcMar-Tigger,DNA,Tigger1a_Art|TcMar-Tigger|DNA
2137,MER65B,ERV1,LTR,MER65B|ERV1|LTR
2144,AluYi6,Alu,SINE,AluYi6|Alu|SINE
2150,L1P5,L1,LINE,L1P5|L1|LINE
2156,OldhAT1,hAT-Ac,DNA,OldhAT1|hAT-Ac|DNA
2160,L1MC5,L1,LINE,L1MC5|L1|LINE
2163,AluYk2,Alu,SINE,AluYk2|Alu|SINE
2210,ORSL-2b,hAT-Tip100,DNA,ORSL-2b|hAT-Tip100|DNA
2227,L1M4a1,L1,LINE,L1M4a1|L1|LINE
2237,AluYm1,Alu,SINE,AluYm1|Alu|SINE
2246,Tigger1,TcMar-Tigger,DNA,Tigger1|TcMar-Tigger|DNA
2346,L1MCa,L1,LINE,L1MCa|L1|LINE
2352,Tigger16a,TcMar-Tigger,DNA,Tigger16a|TcMar-Tigger|DNA
2357,Arthur1A,hAT-Tip100,DNA,Arthur1A|hAT-Tip100|DNA
2378,L1ME3G,L1,LINE,L1ME3G|L1|LINE
2382,L1MEf,L1,LINE,L1MEf|L1|LINE
2442,AluYc3,Alu,SINE,AluYc3|Alu|SINE
2465,Charlie15b,hAT-Charlie,DNA,Charlie15b|hAT-Charlie|DNA
2486,Tigger2,TcMar-Tigger,DNA,Tigger2|TcMar-Tigger|DNA
2514,Tigger7,TcMar-Tigger,DNA,Tigger7|TcMar-Tigger|DNA
2515,MER119,hAT-Charlie,DNA,MER119|hAT-Charlie|DNA
2530,X7A_LINE,CR1,LINE,X7A_LINE|CR1|LINE
2558,MER94,hAT-Blackjack,DNA,MER94|hAT-Blackjack|DNA
2568,MER1B,hAT-Charlie,DNA,MER1B|hAT-Charlie|DNA
2581,Charlie1,hAT-Charlie,DNA,Charlie1|hAT-Charlie|DNA
2651,LTR16E1,ERVL,LTR,LTR16E1|ERVL|LTR
2653,ERV3-16A3_LTR,ERVL,LTR,ERV3-16A3_LTR|ERVL|LTR
2654,MLT2D,ERVL,LTR,MLT2D|ERVL|LTR
2657,L1MB2,L1,LINE,L1MB2|L1|LINE
2663,Charlie2b,hAT-Charlie,DNA,Charlie2b|hAT-Charlie|DNA
2673,MER81,hAT-Blackjack,DNA,MER81|hAT-Blackjack|DNA
2707,MER91B,hAT-Tip100,DNA,MER91B|hAT-Tip100|DNA
2723,MER31A,ERV1,LTR,MER31A|ERV1|LTR
2727,MSTB,ERVL-MaLR,LTR,MSTB|ERVL-MaLR|LTR
2732,ERVL-E-int,ERVL,LTR,ERVL-E-int|ERVL|LTR
2745,LTR18B,ERVL,LTR,LTR18B|ERVL|LTR
2785,MER102b,hAT-Charlie,DNA,MER102b|hAT-Charlie|DNA
2829,MER46C,TcMar-Tigger,DNA,MER46C|TcMar-Tigger|DNA
2834,Charlie8,hAT-Charlie,DNA,Charlie8|hAT-Charlie|DNA
2848,LTR81B,Gypsy,LTR,LTR81B|Gypsy|LTR
2852,LTR40a,ERVL,LTR,LTR40a|ERVL|LTR
2853,LTR81,Gypsy,LTR,LTR81|Gypsy|LTR
2891,MER58B,hAT-Charlie,DNA,MER58B|hAT-Charlie|DNA
2893,MER74A,ERVL,LTR,MER74A|ERVL|LTR
2901,MER63A,hAT-Blackjack,DNA,MER63A|hAT-Blackjack|DNA
2927,LTR52,ERVL,LTR,LTR52|ERVL|LTR
2935,Kanga1,TcMar-Tc2,DNA,Kanga1|TcMar-Tc2|DNA
2954,MLT-int,ERVL-MaLR,LTR,MLT-int|ERVL-MaLR|LTR
2959,MLT2C1,ERVL,LTR,MLT2C1|ERVL|LTR
2961,L1ME3F,L1,LINE,L1ME3F|L1|LINE
2982,Tigger3c,TcMar-Tigger,DNA,Tigger3c|TcMar-Tigger|DNA
2988,MER91A,hAT-Tip100,DNA,MER91A|hAT-Tip100|DNA
2993,MLT2B1,ERVL,LTR,MLT2B1|ERVL|LTR
3021,L1MB7,L1,LINE,L1MB7|L1|LINE
3037,AmnSINE2,tRNA-Deu,SINE,AmnSINE2|tRNA-Deu|SINE
3101,MamRTE1,RTE-BovB,LINE,MamRTE1|RTE-BovB|LINE
3129,THE1A,ERVL-MaLR,LTR,THE1A|ERVL-MaLR|LTR
3137,MER45B,hAT-Tip100,DNA,MER45B|hAT-Tip100|DNA
3160,LTR81C,Gypsy,LTR,LTR81C|Gypsy|LTR
3170,Tigger2a,TcMar-Tigger,DNA,Tigger2a|TcMar-Tigger|DNA
3190,MER66B,ERV1,LTR,MER66B|ERV1|LTR
3207,LTR41C,ERVL,LTR,LTR41C|ERVL|LTR
3211,MER34C_,ERV1,LTR,MER34C_|ERV1|LTR
3225,MER58C,hAT-Charlie,DNA,MER58C|hAT-Charlie|DNA
3257,LTR26,ERV1,LTR,LTR26|ERV1|LTR
3352,LTR40c,ERVL,LTR,LTR40c|ERVL|LTR
3354,MER34,ERV1,LTR,MER34|ERV1|LTR
3356,LTR19A,ERV1,LTR,LTR19A|ERV1|LTR
3368,MER89,ERV1,LTR,MER89|ERV1|LTR
3375,L1MCc,L1,LINE,L1MCc|L1|LINE
3381,AmnSINE1,5S-Deu-L2,SINE,AmnSINE1|5S-Deu-L2|SINE
3409,MSTA-int,ERVL-MaLR,LTR,MSTA-int|ERVL-MaLR|LTR
3410,HERVL-int,ERVL,LTR,HERVL-int|ERVL|LTR
3415,LTR27B,ERV1,LTR,LTR27B|ERV1|LTR
3416,LTR27C,ERV1,LTR,LTR27C|ERV1|LTR
3432,Tigger2b_Pri,TcMar-Tigger,DNA,Tigger2b_Pri|TcMar-Tigger|DNA
3436,MER117,hAT-Charlie,DNA,MER117|hAT-Charlie|DNA
3442,L1MEb,L1,LINE,L1MEb|L1|LINE
3453,LTR106_Mam,LTR,LTR,LTR106_Mam|LTR|LTR
3467,MLT1H-int,ERVL-MaLR,LTR,MLT1H-int|ERVL-MaLR|LTR
3471,MER75,PiggyBac,DNA,MER75|PiggyBac|DNA
3478,MLT2B4,ERVL,LTR,MLT2B4|ERVL|LTR
3489,Tigger17c,TcMar-Tigger,DNA,Tigger17c|TcMar-Tigger|DNA
3491,Charlie25,hAT-Charlie,DNA,Charlie25|hAT-Charlie|DNA
3494,L1ME3A,L1,LINE,L1ME3A|L1|LINE
3499,MER51A,ERV1,LTR,MER51A|ERV1|LTR
3503,MER96,hAT-Tip100,DNA,MER96|hAT-Tip100|DNA
3508,LTR40b,ERVL,LTR,LTR40b|ERVL|LTR
3530,MER44A,TcMar-Tigger,DNA,MER44A|TcMar-Tigger|DNA
3547,MLT1E2,ERVL-MaLR,LTR,MLT1E2|ERVL-MaLR|LTR
3560,ERVL-B4-int,ERVL,LTR,ERVL-B4-int|ERVL|LTR
3569,MER107,hAT-Charlie,DNA,MER107|hAT-Charlie|DNA
3589,Arthur1C,hAT-Tip100,DNA,Arthur1C|hAT-Tip100|DNA
3590,MER45R,hAT-Tip100,DNA,MER45R|hAT-Tip100|DNA
3596,THE1C-int,ERVL-MaLR,LTR,THE1C-int|ERVL-MaLR|LTR
3612,MER121,hAT,DNA,MER121|hAT|DNA
3624,L1PA12,L1,LINE,L1PA12|L1|LINE
3629,AluYg6,Alu,SINE,AluYg6|Alu|SINE
3639,LTR16A1,ERVL,LTR,LTR16A1|ERVL|LTR
3644,MSTB-int,ERVL-MaLR,LTR,MSTB-int|ERVL-MaLR|LTR
3658,L1MDa,L1,LINE,L1MDa|L1|LINE
3666,L1ME3Cz,L1,LINE,L1ME3Cz|L1|LINE
3672,L1ME2z,L1,LINE,L1ME2z|L1|LINE
3680,L1PA15,L1,LINE,L1PA15|L1|LINE
3729,Eulor10,DNA,DNA,Eulor10|DNA|DNA
3764,L1MA10,L1,LINE,L1MA10|L1|LINE
3773,L1MC2,L1,LINE,L1MC2|L1|LINE
3798,Tigger17a,TcMar-Tigger,DNA,Tigger17a|TcMar-Tigger|DNA
3819,MER47B,TcMar-Tigger,DNA,MER47B|TcMar-Tigger|DNA
3866,L1ME3C,L1,LINE,L1ME3C|L1|LINE
3927,L1MA5A,L1,LINE,L1MA5A|L1|LINE
3928,L1MEh,L1,LINE,L1MEh|L1|LINE
3958,LTR10B2,ERV1,LTR,LTR10B2|ERV1|LTR
3965,LTR21C,ERVL,LTR,LTR21C|ERVL|LTR
3975,LTR62,ERVL,LTR,LTR62|ERVL|LTR
3995,THE1D-int,ERVL-MaLR,LTR,THE1D-int|ERVL-MaLR|LTR
4027,Charlie4a,hAT-Charlie,DNA,Charlie4a|hAT-Charlie|DNA
4029,Charlie4,hAT-Charlie,DNA,Charlie4|hAT-Charlie|DNA
4030,MER34C2,ERV1,LTR,MER34C2|ERV1|LTR
4045,MER39,ERV1,LTR,MER39|ERV1|LTR
4054,MADE2,TcMar-Mariner,DNA,MADE2|TcMar-Mariner|DNA
4112,LTR5B,ERVK,LTR,LTR5B|ERVK|LTR
4113,LTR45C,ERV1,LTR,LTR45C|ERV1|LTR
4155,Tigger3d,TcMar-Tigger,DNA,Tigger3d|TcMar-Tigger|DNA
4170,LTR8A,ERV1,LTR,LTR8A|ERV1|LTR
4188,LTR38,ERV1,LTR,LTR38|ERV1|LTR
4189,LTR38-int,ERV1,LTR,LTR38-int|ERV1|LTR
4192,HERVK13-int,ERVK,LTR,HERVK13-int|ERVK|LTR
4212,LTR3B_,ERVK,LTR,LTR3B_|ERVK|LTR
4231,MLT1E1,ERVL-MaLR,LTR,MLT1E1|ERVL-MaLR|LTR
4235,LTR78B,ERV1,LTR,LTR78B|ERV1|LTR
4247,L1MB1,L1,LINE,L1MB1|L1|LINE
4248,Tigger4a,TcMar-Tigger,DNA,Tigger4a|TcMar-Tigger|DNA
4290,L1MD2,L1,LINE,L1MD2|L1|LINE
4327,MER115,hAT-Tip100,DNA,MER115|hAT-Tip100|DNA
4328,L1MEi,L1,LINE,L1MEi|L1|LINE
4336,MER77,ERVL,LTR,MER77|ERVL|LTR
4347,Tigger15a,TcMar-Tigger,DNA,Tigger15a|TcMar-Tigger|DNA
4348,LTR3A,ERVK,LTR,LTR3A|ERVK|LTR
4370,MER77B,ERVL,LTR,MER77B|ERVL|LTR
4376,LTR33C,ERVL,LTR,LTR33C|ERVL|LTR
4377,LTR85c,Gypsy,LTR,LTR85c|Gypsy|LTR
4380,Kanga1a,TcMar-Tc2,DNA,Kanga1a|TcMar-Tc2|DNA
4384,Kanga1d,TcMar-Tc2,DNA,Kanga1d|TcMar-Tc2|DNA
4399,LTR105_Mam,ERVL,LTR,LTR105_Mam|ERVL|LTR
4402,MLT2B2,ERVL,LTR,MLT2B2|ERVL|LTR
4407,LTR40A1,ERVL,LTR,LTR40A1|ERVL|LTR
4408,HERVL40-int,ERVL,LTR,HERVL40-int|ERVL|LTR
4444,MER85,PiggyBac,DNA,MER85|PiggyBac|DNA
4450,UCON132b,hAT-Tip100,DNA,UCON132b|hAT-Tip100|DNA
4454,MER92B,ERV1,LTR,MER92B|ERV1|LTR
4456,LTR10E,ERV1,LTR,LTR10E|ERV1|LTR
4476,MER63C,hAT-Blackjack,DNA,MER63C|hAT-Blackjack|DNA
4485,LTR16E2,ERVL,LTR,LTR16E2|ERVL|LTR
4517,L1PA13,L1,LINE,L1PA13|L1|LINE
4530,Kanga1b,TcMar-Tc2,DNA,Kanga1b|TcMar-Tc2|DNA
4545,L4_B_Mam,RTE-X,LINE,L4_B_Mam|RTE-X|LINE
4552,L1ME5,L1,LINE,L1ME5|L1|LINE
4566,MamRep4096,hAT-Tip100,DNA,MamRep4096|hAT-Tip100|DNA
4575,HAL1b,L1,LINE,HAL1b|L1|LINE
4587,MER21B,ERVL,LTR,MER21B|ERVL|LTR
4590,L1P2,L1,LINE,L1P2|L1|LINE
4601,LTR85a,Gypsy,LTR,LTR85a|Gypsy|LTR
4602,Tigger19a,TcMar-Tigger,DNA,Tigger19a|TcMar-Tigger|DNA
4621,HAL1ME,L1,LINE,HAL1ME|L1|LINE
4623,LTR24C,ERV1,LTR,LTR24C|ERV1|LTR
4627,L1MA1,L1,LINE,L1MA1|L1|LINE
4646,MSTC,ERVL-MaLR,LTR,MSTC|ERVL-MaLR|LTR
4650,MLT1J1,ERVL-MaLR,LTR,MLT1J1|ERVL-MaLR|LTR
4658,AluYb8,Alu,SINE,AluYb8|Alu|SINE
4661,MER21A,ERVL,LTR,MER21A|ERVL|LTR
4706,MSTB2,ERVL-MaLR,LTR,MSTB2|ERVL-MaLR|LTR
4752,MLT2A2,ERVL,LTR,MLT2A2|ERVL|LTR
4772,MER48,ERV1,LTR,MER48|ERV1|LTR
4779,HERVH-int,ERV1,LTR,HERVH-int|ERV1|LTR
4781,LTR7A,ERV1,LTR,LTR7A|ERV1|LTR
4785,L1PA17,L1,LINE,L1PA17|L1|LINE
4811,L1PB4,L1,LINE,L1PB4|L1|LINE
4814,LTR53B,ERVL,LTR,LTR53B|ERVL|LTR
4858,MER61B,ERV1,LTR,MER61B|ERV1|LTR
4870,MLT1A0-int,ERVL-MaLR,LTR,MLT1A0-int|ERVL-MaLR|LTR
4919,LOR1a,ERV1,LTR,LOR1a|ERV1|LTR
4934,LTR33A_,ERVL,LTR,LTR33A_|ERVL|LTR
4942,MER57B1,ERV1,LTR,MER57B1|ERV1|LTR
4960,AluYh7,Alu,SINE,AluYh7|Alu|SINE
5010,LTR16A2,ERVL,LTR,LTR16A2|ERVL|LTR
5012,LTR53,ERVL,LTR,LTR53|ERVL|LTR
5037,MER90a,ERV1,LTR,MER90a|ERV1|LTR
5048,LTR50,ERVL,LTR,LTR50|ERVL|LTR
5057,LTR1A2,ERV1,LTR,LTR1A2|ERV1|LTR
5094,MER11A,ERVK,LTR,MER11A|ERVK|LTR
5099,LTR81AB,Gypsy,LTR,LTR81AB|Gypsy|LTR
5120,LTR1B1,ERV1,LTR,LTR1B1|ERV1|LTR
5146,MER61D,ERV1,LTR,MER61D|ERV1|LTR
5150,Tigger19b,TcMar-Tigger,DNA,Tigger19b|TcMar-Tigger|DNA
5155,MER61A,ERV1,LTR,MER61A|ERV1|LTR
5180,Arthur1,hAT-Tip100,DNA,Arthur1|hAT-Tip100|DNA
5181,X7B_LINE,CR1,LINE,X7B_LINE|CR1|LINE
5185,LTR8,ERV1,LTR,LTR8|ERV1|LTR
5208,L1MA6,L1,LINE,L1MA6|L1|LINE
5241,MamRep434,TcMar-Tigger,DNA,MamRep434|TcMar-Tigger|DNA
5257,L1PB2,L1,LINE,L1PB2|L1|LINE
5269,L1P3,L1,LINE,L1P3|L1|LINE
5290,CR1_Mam,CR1,LINE,CR1_Mam|CR1|LINE
5319,MamTip1,hAT-Tip100,DNA,MamTip1|hAT-Tip100|DNA
5352,LTR101_Mam,ERVL,LTR,LTR101_Mam|ERVL|LTR
5357,X6B_LINE,CR1,LINE,X6B_LINE|CR1|LINE
5370,MLT1G,ERVL-MaLR,LTR,MLT1G|ERVL-MaLR|LTR
5379,Tigger11a,TcMar-Tigger,DNA,Tigger11a|TcMar-Tigger|DNA
5381,MER110,ERV1,LTR,MER110|ERV1|LTR
5406,MLT1N2,ERVL-MaLR,LTR,MLT1N2|ERVL-MaLR|LTR
5411,LTR66,ERVL,LTR,LTR66|ERVL|LTR
5412,HERVL66-int,ERVL,LTR,HERVL66-int|ERVL|LTR
5415,X6A_LINE,CR1,LINE,X6A_LINE|CR1|LINE
5428,MER54B,ERVL,LTR,MER54B|ERVL|LTR
5455,MER70A,ERVL,LTR,MER70A|ERVL|LTR
5463,MLT1E,ERVL-MaLR,LTR,MLT1E|ERVL-MaLR|LTR
5500,L1MD1,L1,LINE,L1MD1|L1|LINE
5517,MamGypsy2-I,Gypsy,LTR,MamGypsy2-I|Gypsy|LTR
5519,MamGypsy2-LTR,Gypsy,LTR,MamGypsy2-LTR|Gypsy|LTR
5550,LTR90B,LTR,LTR,LTR90B|LTR|LTR
5574,MER20B,hAT-Charlie,DNA,MER20B|hAT-Charlie|DNA
5640,MamSINE1,tRNA-RTE,SINE,MamSINE1|tRNA-RTE|SINE
5648,LTR16D,ERVL,LTR,LTR16D|ERVL|LTR
5650,MLT1F,ERVL-MaLR,LTR,MLT1F|ERVL-MaLR|LTR
5674,LTR24,ERV1,LTR,LTR24|ERV1|LTR
5676,LTR24B,ERV1,LTR,LTR24B|ERV1|LTR
5684,MER57A1,ERV1,LTR,MER57A1|ERV1|LTR
5691,LTR10C,ERV1,LTR,LTR10C|ERV1|LTR
5693,MLT1J-int,ERVL-MaLR,LTR,MLT1J-int|ERVL-MaLR|LTR
5702,MADE1,TcMar-Mariner,DNA,MADE1|TcMar-Mariner|DNA
5710,MLT2A1,ERVL,LTR,MLT2A1|ERVL|LTR
5720,LTR48B,ERV1,LTR,LTR48B|ERV1|LTR
5721,MER34-int,ERV1,LTR,MER34-int|ERV1|LTR
5741,MER70B,ERVL,LTR,MER70B|ERVL|LTR
5793,MER121B,hAT,DNA,MER121B|hAT|DNA
5819,LFSINE_Vert,tRNA,SINE,LFSINE_Vert|tRNA|SINE
5820,Tigger9b,TcMar-Tigger,DNA,Tigger9b|TcMar-Tigger|DNA
5826,UCON49,L2,LINE,UCON49|L2|LINE
5828,Kanga2_a,TcMar-Tc2,DNA,Kanga2_a|TcMar-Tc2|DNA
5870,MamGypLTR1a,Gypsy,LTR,MamGypLTR1a|Gypsy|LTR
5960,L1MEj,L1,LINE,L1MEj|L1|LINE
5987,L4_A_Mam,RTE-X,LINE,L4_A_Mam|RTE-X|LINE
5993,MamRep38,hAT,DNA,MamRep38|hAT|DNA
6003,L1PB3,L1,LINE,L1PB3|L1|LINE
6016,LTR23,ERV1,LTR,LTR23|ERV1|LTR
6017,ERV24_Prim-int,ERV1,LTR,ERV24_Prim-int|ERV1|LTR
6018,LTR23-int,ERV1,LTR,LTR23-int|ERV1|LTR
6023,MER34B,ERV1,LTR,MER34B|ERV1|LTR
6028,LTR54,ERV1,LTR,LTR54|ERV1|LTR
6055,MER34C,ERV1,LTR,MER34C|ERV1|LTR
6062,MER75A,PiggyBac,DNA,MER75A|PiggyBac|DNA
6064,LTR16A,ERVL,LTR,LTR16A|ERVL|LTR
6095,L1M6,L1,LINE,L1M6|L1|LINE
6146,MER34A1,ERV1,LTR,MER34A1|ERV1|LTR
6167,L4_C_Mam,RTE-X,LINE,L4_C_Mam|RTE-X|LINE
6238,MamRep1879,hAT-Tip100,DNA,MamRep1879|hAT-Tip100|DNA
6263,MLT1L,ERVL-MaLR,LTR,MLT1L|ERVL-MaLR|LTR
6283,LTR16B2,ERVL,LTR,LTR16B2|ERVL|LTR
6393,Zaphod3,hAT-Tip100,DNA,Zaphod3|hAT-Tip100|DNA
6422,MER58D,hAT-Charlie,DNA,MER58D|hAT-Charlie|DNA
6427,MamTip2,hAT-Tip100,DNA,MamTip2|hAT-Tip100|DNA
6467,LTR33A,ERVL,LTR,LTR33A|ERVL|LTR
6517,MER41A,ERV1,LTR,MER41A|ERV1|LTR
6532,LTR8B,ERV1,LTR,LTR8B|ERV1|LTR
6546,Charlie29a,hAT-Charlie,DNA,Charlie29a|hAT-Charlie|DNA
6551,MER5C,hAT-Charlie,DNA,MER5C|hAT-Charlie|DNA
6629,MER4E,ERV1,LTR,MER4E|ERV1|LTR
6661,MLT1C-int,ERVL-MaLR,LTR,MLT1C-int|ERVL-MaLR|LTR
6674,Tigger13a,TcMar-Tigger,DNA,Tigger13a|TcMar-Tigger|DNA
6675,LTR16D2,ERVL,LTR,LTR16D2|ERVL|LTR
6677,ORSL,hAT-Tip100,DNA,ORSL|hAT-Tip100|DNA
6688,MER45C,hAT-Tip100,DNA,MER45C|hAT-Tip100|DNA
6692,MARNA,TcMar-Mariner,DNA,MARNA|TcMar-Mariner|DNA
6718,LTR16B1,ERVL,LTR,LTR16B1|ERVL|LTR
6750,MLT1G1-int,ERVL-MaLR,LTR,MLT1G1-int|ERVL-MaLR|LTR
6806,LTR1C,ERV1,LTR,LTR1C|ERV1|LTR
6813,THE1A-int,ERVL-MaLR,LTR,THE1A-int|ERVL-MaLR|LTR
6955,LTR41B,ERVL,LTR,LTR41B|ERVL|LTR
6990,MLT1B-int,ERVL-MaLR,LTR,MLT1B-int|ERVL-MaLR|LTR
7027,AluSq10,Alu,SINE,AluSq10|Alu|SINE
7089,MER105,hAT-Charlie,DNA,MER105|hAT-Charlie|DNA
7091,LTR19B,ERV1,LTR,LTR19B|ERV1|LTR
7107,FordPrefect_a,hAT-Tip100,DNA,FordPrefect_a|hAT-Tip100|DNA
7145,LTR85b,Gypsy,LTR,LTR85b|Gypsy|LTR
7148,LTR71B,ERV1,LTR,LTR71B|ERV1|LTR
7172,LTR16D1,ERVL,LTR,LTR16D1|ERVL|LTR
7190,L1MA3,L1,LINE,L1MA3|L1|LINE
7225,Charlie18a,hAT-Charlie,DNA,Charlie18a|hAT-Charlie|DNA
7228,MER51E,ERV1,LTR,MER51E|ERV1|LTR
7238,MER91C,hAT-Tip100,DNA,MER91C|hAT-Tip100|DNA
7303,LTR86A1,ERVL,LTR,LTR86A1|ERVL|LTR
7361,LTR75_1,ERV1,LTR,LTR75_1|ERV1|LTR
7365,MER72,ERV1,LTR,MER72|ERV1|LTR
7472,L2-3_Crp,L2,LINE,L2-3_Crp|L2|LINE
7865,MLT1D-int,ERVL-MaLR,LTR,MLT1D-int|ERVL-MaLR|LTR
7941,MER52D,ERV1,LTR,MER52D|ERV1|LTR
8023,LTR12E,ERV1,LTR,LTR12E|ERV1|LTR
8343,LTR21B,ERV1,LTR,LTR21B|ERV1|LTR
8344,HERVFH21-int,ERV1,LTR,HERVFH21-int|ERV1|LTR
8349,LTR14B,ERVK,LTR,LTR14B|ERVK|LTR
8357,AluYk4,Alu,SINE,AluYk4|Alu|SINE
8528,LTR12,ERV1,LTR,LTR12|ERV1|LTR
8566,MER101,ERV1,LTR,MER101|ERV1|LTR
8583,LTR36,ERV1,LTR,LTR36|ERV1|LTR
8660,MER130,DNA,DNA,MER130|DNA|DNA
8687,MLT1M,ERVL-MaLR,LTR,MLT1M|ERVL-MaLR|LTR
8741,LTR71A,ERV1,LTR,LTR71A|ERV1|LTR
8768,Penelope1_Vert,Penelope,LINE,Penelope1_Vert|Penelope|LINE
8789,Charlie16a,hAT-Charlie,DNA,Charlie16a|hAT-Charlie|DNA
8866,Tigger14a,TcMar-Tigger,DNA,Tigger14a|TcMar-Tigger|DNA
8899,Charlie7,hAT-Charlie,DNA,Charlie7|hAT-Charlie|DNA
8900,MamRep137,TcMar-Tigger,DNA,MamRep137|TcMar-Tigger|DNA
8970,Charlie17a,hAT-Charlie,DNA,Charlie17a|hAT-Charlie|DNA
8984,MER94B,hAT-Blackjack,DNA,MER94B|hAT-Blackjack|DNA
9039,Eulor2A,DNA,DNA,Eulor2A|DNA|DNA
9107,X9_LINE,L1,LINE,X9_LINE|L1|LINE
9182,CR1-3_Croc,CR1,LINE,CR1-3_Croc|CR1|LINE
9289,LTR86A2,ERVL,LTR,LTR86A2|ERVL|LTR
9316,X5B_LINE,CR1,LINE,X5B_LINE|CR1|LINE
9617,Mam_R4,Dong-R4,LINE,Mam_R4|Dong-R4|LINE
9689,MLT2C2,ERVL,LTR,MLT2C2|ERVL|LTR
9691,Ricksha_c,MULE-MuDR,DNA,Ricksha_c|MULE-MuDR|DNA
9704,MLT1G3,ERVL-MaLR,LTR,MLT1G3|ERVL-MaLR|LTR
9850,CR1-16_AMi,CR1,LINE,CR1-16_AMi|CR1|LINE
9872,MER96B,hAT-Tip100,DNA,MER96B|hAT-Tip100|DNA
10016,LTR1F,ERV1,LTR,LTR1F|ERV1|LTR
10044,Charlie24,hAT-Charlie,DNA,Charlie24|hAT-Charlie|DNA
10205,MER75B,PiggyBac,DNA,MER75B|PiggyBac|DNA
10401,L1MA4A,L1,LINE,L1MA4A|L1|LINE
10521,Tigger3b,TcMar-Tigger,DNA,Tigger3b|TcMar-Tigger|DNA
10561,Zaphod,hAT-Tip100,DNA,Zaphod|hAT-Tip100|DNA
10599,MER84,ERV1,LTR,MER84|ERV1|LTR
10600,MER84-int,ERV1,LTR,MER84-int|ERV1|LTR
10804,Charlie10,hAT-Charlie,DNA,Charlie10|hAT-Charlie|DNA
10838,LTR9D,ERV1,LTR,LTR9D|ERV1|LTR
10843,SVA_F,SVA,Retroposon,SVA_F|SVA|Retroposon
10899,Charlie26a,hAT-Charlie,DNA,Charlie26a|hAT-Charlie|DNA
10972,Charlie21a,hAT-Charlie,DNA,Charlie21a|hAT-Charlie|DNA
11263,LTR29,ERV1,LTR,LTR29|ERV1|LTR
11294,SVA_B,SVA,Retroposon,SVA_B|SVA|Retroposon
11440,Charlie10a,hAT-Charlie,DNA,Charlie10a|hAT-Charlie|DNA
11500,LTR86C,ERVL,LTR,LTR86C|ERVL|LTR
11521,L1M,L1,LINE,L1M|L1|LINE
11599,Charlie2a,hAT-Charlie,DNA,Charlie2a|hAT-Charlie|DNA
11705,SVA_E,SVA,Retroposon,SVA_E|SVA|Retroposon
11713,MER104,TcMar-Tc2,DNA,MER104|TcMar-Tc2|DNA
11836,Kanga11a,TcMar-Tc2,DNA,Kanga11a|TcMar-Tc2|DNA
11863,MER5C1,hAT-Charlie,DNA,MER5C1|hAT-Charlie|DNA
11903,Charlie23a,hAT-Charlie,DNA,Charlie23a|hAT-Charlie|DNA
11925,MamRep1151,LTR,LTR,MamRep1151|LTR|LTR
11931,Tigger9a,TcMar-Tigger,DNA,Tigger9a|TcMar-Tigger|DNA
11984,Charlie17,hAT-Charlie,DNA,Charlie17|hAT-Charlie|DNA
12089,L1MCb,L1,LINE,L1MCb|L1|LINE
12448,MER51B,ERV1,LTR,MER51B|ERV1|LTR
12466,HERV9-int,ERV1,LTR,HERV9-int|ERV1|LTR
12480,LTR47A,ERVL,LTR,LTR47A|ERVL|LTR
12498,MER9a3,ERVK,LTR,MER9a3|ERVK|LTR
12514,LTR82A,ERVL,LTR,LTR82A|ERVL|LTR
12531,LTR21A,ERV1,LTR,LTR21A|ERV1|LTR
12583,LTR77,ERV1,LTR,LTR77|ERV1|LTR
12584,LTR61,ERV1,LTR,LTR61|ERV1|LTR
12743,MER106B,hAT-Charlie,DNA,MER106B|hAT-Charlie|DNA
12799,Charlie7a,hAT-Charlie,DNA,Charlie7a|hAT-Charlie|DNA
12877,LTR56,ERV1,LTR,LTR56|ERV1|LTR
12903,MER4C,ERV1,LTR,MER4C|ERV1|LTR
12938,MER41E,ERV1,LTR,MER41E|ERV1|LTR
12941,AluYe6,Alu,SINE,AluYe6|Alu|SINE
12952,HERVFH19-int,ERV1,LTR,HERVFH19-int|ERV1|LTR
12962,MER110A,ERV1,LTR,MER110A|ERV1|LTR
12976,AluYd8,Alu,SINE,AluYd8|Alu|SINE
13025,MER11D,ERVK,LTR,MER11D|ERVK|LTR
13145,hAT-N1_Mam,hAT-Tip100,DNA,hAT-N1_Mam|hAT-Tip100|DNA
13164,MamGypLTR3a,Gypsy,LTR,MamGypLTR3a|Gypsy|LTR
13173,LTR26E,ERV1,LTR,LTR26E|ERV1|LTR
13336,MamRep488,hAT-Tip100,DNA,MamRep488|hAT-Tip100|DNA
13373,MLT2B5,ERVL,LTR,MLT2B5|ERVL|LTR
13418,X7C_LINE,CR1,LINE,X7C_LINE|CR1|LINE
13487,Zaphod2,hAT-Tip100,DNA,Zaphod2|hAT-Tip100|DNA
13801,LTR9,ERV1,LTR,LTR9|ERV1|LTR
13817,LTR60B,ERV1,LTR,LTR60B|ERV1|LTR
13850,LTR2,ERV1,LTR,LTR2|ERV1|LTR
14124,MER57C1,ERV1,LTR,MER57C1|ERV1|LTR
14155,MER21-int,ERVL,LTR,MER21-int|ERVL|LTR
14208,AluYi6_4d,Alu,SINE,AluYi6_4d|Alu|SINE
14422,SVA_C,SVA,Retroposon,SVA_C|SVA|Retroposon
14441,Tigger4,TcMar-Tigger,DNA,Tigger4|TcMar-Tigger|DNA
14444,MER47C,TcMar-Tigger,DNA,MER47C|TcMar-Tigger|DNA
14635,SVA_A,SVA,Retroposon,SVA_A|SVA|Retroposon
14893,LTR83,ERVL,LTR,LTR83|ERVL|LTR
14934,LTR1D1,ERV1,LTR,LTR1D1|ERV1|LTR
14959,LTR51,ERV1,LTR,LTR51|ERV1|LTR
15021,HUERS-P1-int,ERV1,LTR,HUERS-P1-int|ERV1|LTR
15101,Kanga1c,TcMar-Tc2,DNA,Kanga1c|TcMar-Tc2|DNA
15655,Tigger12c,TcMar-Tigger,DNA,Tigger12c|TcMar-Tigger|DNA
15675,X7D_LINE,CR1,LINE,X7D_LINE|CR1|LINE
15677,Tigger10,TcMar-Tigger,DNA,Tigger10|TcMar-Tigger|DNA
15730,MER106A,hAT-Charlie,DNA,MER106A|hAT-Charlie|DNA
15936,LTR84a,ERVL,LTR,LTR84a|ERVL|LTR
15967,Tigger16b,TcMar-Tigger,DNA,Tigger16b|TcMar-Tigger|DNA
16166,UCON14,DNA,DNA,UCON14|DNA|DNA
16190,UCON29,PiggyBac,DNA,UCON29|PiggyBac|DNA
16238,Charlie13a,hAT-Charlie,DNA,Charlie13a|hAT-Charlie|DNA
16281,MLT2F,ERVL,LTR,MLT2F|ERVL|LTR
16290,L2-1_AMi,L2,LINE,L2-1_AMi|L2|LINE
16575,Cheshire,hAT-Charlie,DNA,Cheshire|hAT-Charlie|DNA
16598,UCON81,hAT-Charlie,DNA,UCON81|hAT-Charlie|DNA
16906,LTR84b,ERVL,LTR,LTR84b|ERVL|LTR
17061,LTR26C,ERV1,LTR,LTR26C|ERV1|LTR
17199,MER2B,TcMar-Tigger,DNA,MER2B|TcMar-Tigger|DNA
17486,Charlie13b,hAT-Charlie,DNA,Charlie13b|hAT-Charlie|DNA
17513,CR1-8_Crp,CR1,LINE,CR1-8_Crp|CR1|LINE
17703,LTR16,ERVL,LTR,LTR16|ERVL|LTR
17832,LTR43B,ERV1,LTR,LTR43B|ERV1|LTR
17862,HERVIP10FH-int,ERV1,LTR,HERVIP10FH-int|ERV1|LTR
18079,LTR103_Mam,ERV1,LTR,LTR103_Mam|ERV1|LTR
18161,LTR47B2,ERVL,LTR,LTR47B2|ERVL|LTR
18861,ERV24B_Prim-int,ERV1,LTR,ERV24B_Prim-int|ERV1|LTR
18880,HSMAR1,TcMar-Mariner,DNA,HSMAR1|TcMar-Mariner|DNA
19089,MER34B-int,ERV1,LTR,MER34B-int|ERV1|LTR
19225,LTR75B,ERVL,LTR,LTR75B|ERVL|LTR
19599,LTR1C1,ERV1,LTR,LTR1C1|ERV1|LTR
19675,MER67B,ERV1,LTR,MER67B|ERV1|LTR
20110,MER97c,hAT-Tip100,DNA,MER97c|hAT-Tip100|DNA
20117,MLT2E,ERVL,LTR,MLT2E|ERVL|LTR
20208,LTR65,ERV1,LTR,LTR65|ERV1|LTR
20281,HSMAR2,TcMar-Mariner,DNA,HSMAR2|TcMar-Mariner|DNA
20317,Tigger8,TcMar-Tigger,DNA,Tigger8|TcMar-Tigger|DNA
20399,MER52-int,ERV1,LTR,MER52-int|ERV1|LTR
20400,LTR22B1,ERVK,LTR,LTR22B1|ERVK|LTR
20433,MER68-int,ERVL,LTR,MER68-int|ERVL|LTR
20452,MER70C,ERVL,LTR,MER70C|ERVL|LTR
20487,LTR102_Mam,ERVL,LTR,LTR102_Mam|ERVL|LTR
20520,LTR10F,ERV1,LTR,LTR10F|ERV1|LTR
20548,MER6,TcMar-Tigger,DNA,MER6|TcMar-Tigger|DNA
20630,Tigger6b,TcMar-Tigger,DNA,Tigger6b|TcMar-Tigger|DNA
20634,PRIMA4-int,ERV1,LTR,PRIMA4-int|ERV1|LTR
20635,HERVK-int,ERVK,LTR,HERVK-int|ERVK|LTR
20653,MER41G,ERV1,LTR,MER41G|ERV1|LTR
20660,Tigger6a,TcMar-Tigger,DNA,Tigger6a|TcMar-Tigger|DNA
20667,L1HS,L1,LINE,L1HS|L1|LINE
20695,LTR44,ERV1,LTR,LTR44|ERV1|LTR
20724,LTR45B,ERV1,LTR,LTR45B|ERV1|LTR
20729,MER57A-int,ERV1,LTR,MER57A-int|ERV1|LTR
20811,LTR45,ERV1,LTR,LTR45|ERV1|LTR
20830,MER101-int,ERV1,LTR,MER101-int|ERV1|LTR
20885,L1M3f,L1,LINE,L1M3f|L1|LINE
20900,LTR57,ERVL,LTR,LTR57|ERVL|LTR
21004,HERV3-int,ERV1,LTR,HERV3-int|ERV1|LTR
21024,HERVE-int,ERV1,LTR,HERVE-int|ERV1|LTR
21242,LTR1C3,ERV1,LTR,LTR1C3|ERV1|LTR
21263,LTR7Y,ERV1,LTR,LTR7Y|ERV1|LTR
21598,HERV9NC-int,ERV1,LTR,HERV9NC-int|ERV1|LTR
21601,LTR12D,ERV1,LTR,LTR12D|ERV1|LTR
21615,LOR1b,ERV1,LTR,LOR1b|ERV1|LTR
21707,LTR88a,Gypsy,LTR,LTR88a|Gypsy|LTR
22011,MER6B,TcMar-Tigger,DNA,MER6B|TcMar-Tigger|DNA
22016,LTR10B,ERV1,LTR,LTR10B|ERV1|LTR
22116,LTR14A,ERVK,LTR,LTR14A|ERVK|LTR
22432,MER6C,TcMar-Tigger,DNA,MER6C|TcMar-Tigger|DNA
22510,LTR22A,ERVK,LTR,LTR22A|ERVK|LTR
22563,Tigger18a,TcMar-Tigger,DNA,Tigger18a|TcMar-Tigger|DNA
22602,MST-int,ERVL-MaLR,LTR,MST-int|ERVL-MaLR|LTR
22638,Ricksha,MULE-MuDR,DNA,Ricksha|MULE-MuDR|DNA
22639,Ricksha_a,MULE-MuDR,DNA,Ricksha_a|MULE-MuDR|DNA
22663,LTR80A,ERVL,LTR,LTR80A|ERVL|LTR
22755,MER113B,hAT-Charlie,DNA,MER113B|hAT-Charlie|DNA
22793,LTR86B1,ERVL,LTR,LTR86B1|ERVL|LTR
22843,MamGypLTR1c,Gypsy,LTR,MamGypLTR1c|Gypsy|LTR
22860,LTR82B,ERVL,LTR,LTR82B|ERVL|LTR
22868,LTR88b,Gypsy,LTR,LTR88b|Gypsy|LTR
22944,ORSL-2a,hAT-Tip100,DNA,ORSL-2a|hAT-Tip100|DNA
23024,MLT1F-int,ERVL-MaLR,LTR,MLT1F-int|ERVL-MaLR|LTR
23048,LTR55,ERVL,LTR,LTR55|ERVL|LTR
23052,MamGypLTR2c,Gypsy,LTR,MamGypLTR2c|Gypsy|LTR
23200,MER6A,TcMar-Tigger,DNA,MER6A|TcMar-Tigger|DNA
23307,MLT1I-int,ERVL-MaLR,LTR,MLT1I-int|ERVL-MaLR|LTR
23453,LTR9A1,ERV1,LTR,LTR9A1|ERV1|LTR
23559,Tigger12A,TcMar-Tigger,DNA,Tigger12A|TcMar-Tigger|DNA
23573,HERVL74-int,ERVL,LTR,HERVL74-int|ERVL|LTR
23624,MamTip3,hAT-Tip100,DNA,MamTip3|hAT-Tip100|DNA
23828,MER135,DNA,DNA,MER135|DNA|DNA
23943,LTR32,ERVL,LTR,LTR32|ERVL|LTR
24078,X1_LINE,CR1,LINE,X1_LINE|CR1|LINE
24176,LTR16B,ERVL,LTR,LTR16B|ERVL|LTR
24218,MER127,TcMar-Tigger,DNA,MER127|TcMar-Tigger|DNA
24404,MamGypLTR1b,Gypsy,LTR,MamGypLTR1b|Gypsy|LTR
24626,LTR10D,ERV1,LTR,LTR10D|ERV1|LTR
24896,PRIMA4_LTR,ERV1,LTR,PRIMA4_LTR|ERV1|LTR
24963,MER57E2,ERV1,LTR,MER57E2|ERV1|LTR
24993,MamGypLTR1d,Gypsy,LTR,MamGypLTR1d|Gypsy|LTR
25343,LTR81A,Gypsy,LTR,LTR81A|Gypsy|LTR
25455,CR1-L3A_Croc,CR1,LINE,CR1-L3A_Croc|CR1|LINE
25591,UCON78,DNA,DNA,UCON78|DNA|DNA
25877,MER57F,ERV1,LTR,MER57F|ERV1|LTR
25966,DNA1_Mam,TcMar,DNA,DNA1_Mam|TcMar|DNA
26033,Charlie17b,hAT-Charlie,DNA,Charlie17b|hAT-Charlie|DNA
26210,MLT1J1-int,ERVL-MaLR,LTR,MLT1J1-int|ERVL-MaLR|LTR
26612,MER129,LTR,LTR,MER129|LTR|LTR
27104,MER90,ERV1,LTR,MER90|ERV1|LTR
27114,MERX,TcMar-Tigger,DNA,MERX|TcMar-Tigger|DNA
27221,Tigger17,TcMar-Tigger,DNA,Tigger17|TcMar-Tigger|DNA
28082,LTR4,ERV1,LTR,LTR4|ERV1|LTR
28088,MER87,ERV1,LTR,MER87|ERV1|LTR
28108,LTR49,ERV1,LTR,LTR49|ERV1|LTR
28110,MER51D,ERV1,LTR,MER51D|ERV1|LTR
28128,PRIMA41-int,ERV1,LTR,PRIMA41-int|ERV1|LTR
28579,LTR39-int,ERV1,LTR,LTR39-int|ERV1|LTR
28857,MER57B2,ERV1,LTR,MER57B2|ERV1|LTR
29140,LTR54B,ERV1,LTR,LTR54B|ERV1|LTR
29177,LTR76,ERV1,LTR,LTR76|ERV1|LTR
29190,MamGypLTR2b,Gypsy,LTR,MamGypLTR2b|Gypsy|LTR
29222,MER50C,ERV1,LTR,MER50C|ERV1|LTR
29282,PABL_B,ERV1,LTR,PABL_B|ERV1|LTR
29536,LTR15,ERV1,LTR,LTR15|ERV1|LTR
29688,LTR38B,ERV1,LTR,LTR38B|ERV1|LTR
29762,HERV-Fc2_LTR,ERV1,LTR,HERV-Fc2_LTR|ERV1|LTR
29987,MER61-int,ERV1,LTR,MER61-int|ERV1|LTR
30555,UCON89,hAT,DNA,UCON89|hAT|DNA
31793,UCON11,TcMar-Tigger,DNA,UCON11|TcMar-Tigger|DNA
32226,LTR1F1,ERV1,LTR,LTR1F1|ERV1|LTR
32497,X8_LINE,CR1,LINE,X8_LINE|CR1|LINE
33268,L2-1_Crp,L2,LINE,L2-1_Crp|L2|LINE
33356,MER4D0,ERV1,LTR,MER4D0|ERV1|LTR
33606,MER30B,hAT-Charlie,DNA,MER30B|hAT-Charlie|DNA
33799,HUERS-P3-int,ERV1,LTR,HUERS-P3-int|ERV1|LTR
34197,HERV35I-int,ERV1,LTR,HERV35I-int|ERV1|LTR
34355,LTR37-int,ERV1,LTR,LTR37-int|ERV1|LTR
34694,LTR28B,ERV1,LTR,LTR28B|ERV1|LTR
35051,Charlie14a,hAT-Charlie,DNA,Charlie14a|hAT-Charlie|DNA
35146,MamRep1894,hAT,DNA,MamRep1894|hAT|DNA
35293,LTR14,ERVK,LTR,LTR14|ERVK|LTR
35294,HERVK14C-int,ERVK,LTR,HERVK14C-int|ERVK|LTR
35359,MER66A,ERV1,LTR,MER66A|ERV1|LTR
35412,MamGyp-int,Gypsy,LTR,MamGyp-int|Gypsy|LTR
35464,MLT1A1-int,ERVL-MaLR,LTR,MLT1A1-int|ERVL-MaLR|LTR
35496,LTR46-int,ERV1,LTR,LTR46-int|ERV1|LTR
35508,L1M2a,L1,LINE,L1M2a|L1|LINE
35513,MER4-int,ERV1,LTR,MER4-int|ERV1|LTR
35542,L1P4e,L1,LINE,L1P4e|L1|LINE
35676,LTR26D,ERV1,LTR,LTR26D|ERV1|LTR
35948,LTR107_Mam,LTR,LTR,LTR107_Mam|LTR|LTR
36345,UCON21,DNA,DNA,UCON21|DNA|DNA
36372,Tigger20a,TcMar-Tigger,DNA,Tigger20a|TcMar-Tigger|DNA
36777,MLT1A-int,ERVL-MaLR,LTR,MLT1A-int|ERVL-MaLR|LTR
36802,LTR7C,ERV1,LTR,LTR7C|ERV1|LTR
37488,MER73,ERVL,LTR,MER73|ERVL|LTR
37564,L1PBa,L1,LINE,L1PBa|L1|LINE
37567,LTR06,ERV1,LTR,LTR06|ERV1|LTR
37628,LTR48,ERV1,LTR,LTR48|ERV1|LTR
38493,MER41-int,ERV1,LTR,MER41-int|ERV1|LTR
38615,MLT1E3-int,ERVL-MaLR,LTR,MLT1E3-int|ERVL-MaLR|LTR
38627,PABL_A,ERV1,LTR,PABL_A|ERV1|LTR
38671,LTR28C,ERV1,LTR,LTR28C|ERV1|LTR
38690,MLT1K-int,ERVL-MaLR,LTR,MLT1K-int|ERVL-MaLR|LTR
38811,MER57-int,ERV1,LTR,MER57-int|ERV1|LTR
39157,MER44C,TcMar-Tigger,DNA,MER44C|TcMar-Tigger|DNA
39735,LTR47A2,ERVL,LTR,LTR47A2|ERVL|LTR
40876,MER50-int,ERV1,LTR,MER50-int|ERV1|LTR
41957,PABL_B-int,ERV1,LTR,PABL_B-int|ERV1|LTR
42009,LTR88c,Gypsy,LTR,LTR88c|Gypsy|LTR
42234,Charlie10b,hAT-Charlie,DNA,Charlie10b|hAT-Charlie|DNA
42910,MER66D,ERV1,LTR,MER66D|ERV1|LTR
43060,LTR87,ERVL,LTR,LTR87|ERVL|LTR
44395,HERV1_LTRd,ERV1,LTR,HERV1_LTRd|ERV1|LTR
44639,Tigger3,TcMar-Tigger,DNA,Tigger3|TcMar-Tigger|DNA
44808,LTR80B,ERVL,LTR,LTR80B|ERVL|LTR
45091,MLT1E2-int,ERVL-MaLR,LTR,MLT1E2-int|ERVL-MaLR|LTR
45743,MER57E1,ERV1,LTR,MER57E1|ERV1|LTR
45988,UCON33,TcMar-Tigger,DNA,UCON33|TcMar-Tigger|DNA
46018,MER41C,ERV1,LTR,MER41C|ERV1|LTR
46555,L1M2b,L1,LINE,L1M2b|L1|LINE
46850,MSTD-int,ERVL-MaLR,LTR,MSTD-int|ERVL-MaLR|LTR
47354,Looper,PiggyBac,DNA,Looper|PiggyBac|DNA
47463,LTR22B2,ERVK,LTR,LTR22B2|ERVK|LTR
47530,Eulor12,DNA,DNA,Eulor12|DNA|DNA
47654,LTR6A,ERV1,LTR,LTR6A|ERV1|LTR
48323,MamGypLTR3,Gypsy,LTR,MamGypLTR3|Gypsy|LTR
49155,MER51C,ERV1,LTR,MER51C|ERV1|LTR
49400,LTR35A,ERV1,LTR,LTR35A|ERV1|LTR
50294,HERV4_I-int,ERV1,LTR,HERV4_I-int|ERV1|LTR
50700,MER97b,hAT-Tip100,DNA,MER97b|hAT-Tip100|DNA
51239,Eulor9A,DNA,DNA,Eulor9A|DNA|DNA
51377,MLT1J2-int,ERVL-MaLR,LTR,MLT1J2-int|ERVL-MaLR|LTR
51633,MER34D,ERV1,LTR,MER34D|ERV1|LTR
52419,MER51-int,ERV1,LTR,MER51-int|ERV1|LTR
52534,MER65C,ERV1,LTR,MER65C|ERV1|LTR
52994,UCON55,TcMar-Tigger,DNA,UCON55|TcMar-Tigger|DNA
53881,LTR12B,ERV1,LTR,LTR12B|ERV1|LTR
54541,MER57D,ERV1,LTR,MER57D|ERV1|LTR
55965,LTR35,ERV1,LTR,LTR35|ERV1|LTR
56185,MER50B,ERV1,LTR,MER50B|ERV1|LTR
57212,LTR1D,ERV1,LTR,LTR1D|ERV1|LTR
58189,MSTA1-int,ERVL-MaLR,LTR,MSTA1-int|ERVL-MaLR|LTR
58482,L1MDb,L1,LINE,L1MDb|L1|LINE
58651,UCON7,DNA,DNA,UCON7|DNA|DNA
58996,MLT1G-int,ERVL-MaLR,LTR,MLT1G-int|ERVL-MaLR|LTR
58997,LTR31,ERV1,LTR,LTR31|ERV1|LTR
59011,LTR1E,ERV1,LTR,LTR1E|ERV1|LTR
59137,L1M3c,L1,LINE,L1M3c|L1|LINE
59327,HERVK22-int,ERVK,LTR,HERVK22-int|ERVK|LTR
59692,LTR17,ERV1,LTR,LTR17|ERV1|LTR
59819,MER83B,ERV1,LTR,MER83B|ERV1|LTR
59823,PrimLTR79,ERV1,LTR,PrimLTR79|ERV1|LTR
60346,LTR27,ERV1,LTR,LTR27|ERV1|LTR
60757,HERV30-int,ERV1,LTR,HERV30-int|ERV1|LTR
60821,MER74C,ERVL,LTR,MER74C|ERVL|LTR
62521,LTR1,ERV1,LTR,LTR1|ERV1|LTR
62582,MER99,hAT,DNA,MER99|hAT|DNA
63491,FordPrefect,hAT-Tip100,DNA,FordPrefect|hAT-Tip100|DNA
64442,L1M3e,L1,LINE,L1M3e|L1|LINE
64633,HUERS-P3b-int,ERV1,LTR,HUERS-P3b-int|ERV1|LTR
65298,LTR6B,ERV1,LTR,LTR6B|ERV1|LTR
65697,LTR38A1,ERV1,LTR,LTR38A1|ERV1|LTR
65994,HERVS71-int,ERV1,LTR,HERVS71-int|ERV1|LTR
66341,HERVK11-int,ERVK,LTR,HERVK11-int|ERVK|LTR
67840,MLT1F2-int,ERVL-MaLR,LTR,MLT1F2-int|ERVL-MaLR|LTR
68141,LTR90A,LTR,LTR,LTR90A|LTR|LTR
68207,THE1-int,ERVL-MaLR,LTR,THE1-int|ERVL-MaLR|LTR
68247,L1M6B,L1,LINE,L1M6B|L1|LINE
68765,LTR86B2,ERVL,LTR,LTR86B2|ERVL|LTR
69236,LTR69,ERVL,LTR,LTR69|ERVL|LTR
69963,L1MEg2,L1,LINE,L1MEg2|L1|LINE
70110,MLT1H2-int,ERVL-MaLR,LTR,MLT1H2-int|ERVL-MaLR|LTR
70522,LTR1F2,ERV1,LTR,LTR1F2|ERV1|LTR
71514,MER89-int,ERV1,LTR,MER89-int|ERV1|LTR
72135,L1MEg1,L1,LINE,L1MEg1|L1|LINE
73233,LTR2752,ERV1,LTR,LTR2752|ERV1|LTR
75492,Eulor2B,DNA,DNA,Eulor2B|DNA|DNA
77869,LTR1B0,ERV1,LTR,LTR1B0|ERV1|LTR
78430,LTR43,ERV1,LTR,LTR43|ERV1|LTR
78996,AluYb9,Alu,SINE,AluYb9|Alu|SINE
80672,MLT1N2-int,ERVL-MaLR,LTR,MLT1N2-int|ERVL-MaLR|LTR
80942,MER70-int,ERVL,LTR,MER70-int|ERVL|LTR
81363,L1M3d,L1,LINE,L1M3d|L1|LINE
81677,LTR5A,ERVK,LTR,LTR5A|ERVK|LTR
83045,LTR34,ERV1,LTR,LTR34|ERV1|LTR
84707,HERV17-int,ERV1,LTR,HERV17-int|ERV1|LTR
84867,UCON99,DNA,DNA,UCON99|DNA|DNA
84870,UCON107,hAT-Tag1,DNA,UCON107|hAT-Tag1|DNA
84913,MSTB1-int,ERVL-MaLR,LTR,MSTB1-int|ERVL-MaLR|LTR
85160,L1PBb,L1,LINE,L1PBb|L1|LINE
85762,PABL_A-int,ERV1,LTR,PABL_A-int|ERV1|LTR
85990,MER68C,ERVL,LTR,MER68C|ERVL|LTR
87397,LTR91,ERVL,LTR,LTR91|ERVL|LTR
87794,LTR3B,ERVK,LTR,LTR3B|ERVK|LTR
89059,MER76,ERVL,LTR,MER76|ERVL|LTR
89273,MLT1L-int,ERVL-MaLR,LTR,MLT1L-int|ERVL-MaLR|LTR
89452,CR1-12_AMi,CR1,LINE,CR1-12_AMi|CR1|LINE
89564,MER97a,hAT-Tip100,DNA,MER97a|hAT-Tip100|DNA
90536,LTR47B4,ERVL,LTR,LTR47B4|ERVL|LTR
91518,LTR19-int,ERV1,LTR,LTR19-int|ERV1|LTR
92154,MER11B,ERVK,LTR,MER11B|ERVK|LTR
92563,HERVIP10B3-int,ERV1,LTR,HERVIP10B3-int|ERV1|LTR
93049,Merlin1_HS,Merlin,DNA,Merlin1_HS|Merlin|DNA
93999,LTR108a_Mam,ERVL,LTR,LTR108a_Mam|ERVL|LTR
94027,MSTC-int,ERVL-MaLR,LTR,MSTC-int|ERVL-MaLR|LTR
94863,MER83B-int,ERV1,LTR,MER83B-int|ERV1|LTR
95575,UCON39,TcMar-Tigger,DNA,UCON39|TcMar-Tigger|DNA
97096,MER61F,ERV1,LTR,MER61F|ERV1|LTR
97302,LTR1A1,ERV1,LTR,LTR1A1|ERV1|LTR
97462,MLT1F1-int,ERVL-MaLR,LTR,MLT1F1-int|ERVL-MaLR|LTR
98314,MLT1-int,ERVL-MaLR,LTR,MLT1-int|ERVL-MaLR|LTR
98998,AluYk12,Alu,SINE,AluYk12|Alu|SINE
99094,Eulor1,DNA,DNA,Eulor1|DNA|DNA
99642,LTR72B,ERV1,LTR,LTR72B|ERV1|LTR
99925,LTR27E,ERV1,LTR,LTR27E|ERV1|LTR
100147,Eulor9B,DNA,DNA,Eulor9B|DNA|DNA
100198,L1M3a,L1,LINE,L1M3a|L1|LINE
101218,L1P3b,L1,LINE,L1P3b|L1|LINE
101366,CR1-11_Crp,CR1,LINE,CR1-11_Crp|CR1|LINE
102201,MER97d,hAT-Tip100,DNA,MER97d|hAT-Tip100|DNA
102946,LTR22C0,ERVK,LTR,LTR22C0|ERVK|LTR
103769,LTR68,ERV1,LTR,LTR68|ERV1|LTR
103998,CR1-L3B_Croc,CR1,LINE,CR1-L3B_Croc|CR1|LINE
105094,UCON74,DNA,DNA,UCON74|DNA|DNA
105304,L1M2c,L1,LINE,L1M2c|L1|LINE
105982,LTR12_,ERV1,LTR,LTR12_|ERV1|LTR
109424,CR1-13_AMi,CR1,LINE,CR1-13_AMi|CR1|LINE
111357,PRIMAX-int,ERV1,LTR,PRIMAX-int|ERV1|LTR
111673,MER126,DNA,DNA,MER126|DNA|DNA
111856,UCON86,L2,LINE,UCON86|L2|LINE
113070,L1M3de,L1,LINE,L1M3de|L1|LINE
113215,LTR28,ERV1,LTR,LTR28|ERV1|LTR
113547,L1MEa,L1,LINE,L1MEa|L1|LINE
114025,L1M2a1,L1,LINE,L1M2a1|L1|LINE
115245,MER132,TcMar-Pogo,DNA,MER132|TcMar-Pogo|DNA
115805,X2_LINE,CR1,LINE,X2_LINE|CR1|LINE
115919,UCON8,DNA,DNA,UCON8|DNA|DNA
116456,MER125,DNA,DNA,MER125|DNA|DNA
116617,Eulor6B,DNA,DNA,Eulor6B|DNA|DNA
116921,MER68B,ERVL,LTR,MER68B|ERVL|LTR
120262,MER123,DNA,DNA,MER123|DNA|DNA
120500,MER95,ERV1,LTR,MER95|ERV1|LTR
122361,Eulor6A,DNA,DNA,Eulor6A|DNA|DNA
122671,UCON97,DNA,DNA,UCON97|DNA|DNA
123183,Eulor5A,DNA,DNA,Eulor5A|DNA|DNA
124336,MER61C,ERV1,LTR,MER61C|ERV1|LTR
124969,HERVK14-int,ERVK,LTR,HERVK14-int|ERVK|LTR
125299,CRP1,tRNA,SINE,CRP1|tRNA|SINE
126406,MER92A,ERV1,LTR,MER92A|ERV1|LTR
126646,MER61E,ERV1,LTR,MER61E|ERV1|LTR
126810,UCON69,hAT,DNA,UCON69|hAT|DNA
127035,MER133A,DNA,DNA,MER133A|DNA|DNA
128900,LTR18A,ERVL,LTR,LTR18A|ERVL|LTR
128901,HERVL18-int,ERVL,LTR,HERVL18-int|ERVL|LTR
129104,MLT1O-int,ERVL-MaLR,LTR,MLT1O-int|ERVL-MaLR|LTR
129806,MER72B,ERV1,LTR,MER72B|ERV1|LTR
131762,LTR47B3,ERVL,LTR,LTR47B3|ERVL|LTR
132492,Eulor9C,DNA,DNA,Eulor9C|DNA|DNA
133462,L1M3b,L1,LINE,L1M3b|L1|LINE
134045,LTR1B,ERV1,LTR,LTR1B|ERV1|LTR
134624,LTR9C,ERV1,LTR,LTR9C|ERV1|LTR
135027,UCON80,hAT,DNA,UCON80|hAT|DNA
136937,HUERS-P2-int,ERV1,LTR,HUERS-P2-int|ERV1|LTR
137750,L1P4b,L1,LINE,L1P4b|L1|LINE
137779,MER92D,ERV1,LTR,MER92D|ERV1|LTR
138066,MER110-int,ERV1,LTR,MER110-int|ERV1|LTR
138743,MER83C,ERV1,LTR,MER83C|ERV1|LTR
139572,L1P4a,L1,LINE,L1P4a|L1|LINE
139757,L1P4d,L1,LINE,L1P4d|L1|LINE
140628,LTR53-int,ERVL,LTR,LTR53-int|ERVL|LTR
140852,HERVP71A-int,ERV1,LTR,HERVP71A-int|ERV1|LTR
140976,Charlie3,hAT-Charlie,DNA,Charlie3|hAT-Charlie|DNA
141149,Eulor3,DNA,DNA,Eulor3|DNA|DNA
141453,MER101B,ERV1,LTR,MER101B|ERV1|LTR
141489,Eulor6D,DNA,DNA,Eulor6D|DNA|DNA
142053,HERVL32-int,ERVL,LTR,HERVL32-int|ERVL|LTR
142238,LTR58,ERV1,LTR,LTR58|ERV1|LTR
142561,Eulor8,TcMar,DNA,Eulor8|TcMar|DNA
142654,Ricksha_b,MULE-MuDR,DNA,Ricksha_b|MULE-MuDR|DNA
142867,LTR22E,ERVK,LTR,LTR22E|ERVK|LTR
143078,LTR73,ERV1,LTR,LTR73|ERV1|LTR
143920,MLT1E-int,ERVL-MaLR,LTR,MLT1E-int|ERVL-MaLR|LTR
143945,MER57C2,ERV1,LTR,MER57C2|ERV1|LTR
146016,UCON79,DNA,DNA,UCON79|DNA|DNA
146900,Eulor6C,DNA,DNA,Eulor6C|DNA|DNA
147976,LTR35B,ERV1,LTR,LTR35B|ERV1|LTR
149388,LTR22B,ERVK,LTR,LTR22B|ERVK|LTR
150291,L1PBa1,L1,LINE,L1PBa1|L1|LINE
151539,UCON2,DNA,DNA,UCON2|DNA|DNA
151595,UCON51,LTR,LTR,UCON51|LTR|LTR
151864,Tigger17b,TcMar-Tigger,DNA,Tigger17b|TcMar-Tigger|DNA
152359,LTR27D,ERV1,LTR,LTR27D|ERV1|LTR
153008,UCON83,SINE,SINE,UCON83|SINE|SINE
153541,Eulor2C,DNA,DNA,Eulor2C|DNA|DNA
153610,UCON62,DNA,DNA,UCON62|DNA|DNA
154549,Eulor11,DNA,DNA,Eulor11|DNA|DNA
155368,LTR5,ERVK,LTR,LTR5|ERVK|LTR
158687,LTR19C,ERV1,LTR,LTR19C|ERV1|LTR
158688,LTR25-int,ERV1,LTR,LTR25-int|ERV1|LTR
161435,HERVH48-int,ERV1,LTR,HERVH48-int|ERV1|LTR
161843,LTR30,ERV1,LTR,LTR30|ERV1|LTR
163458,MER134,DNA,DNA,MER134|DNA|DNA
163617,LTR52-int,ERVL,LTR,LTR52-int|ERVL|LTR
164219,Eulor7,DNA,DNA,Eulor7|DNA|DNA
164342,MSTB2-int,ERVL-MaLR,LTR,MSTB2-int|ERVL-MaLR|LTR
164523,MER133B,DNA,DNA,MER133B|DNA|DNA
165466,HERVKC4-int,ERVK,LTR,HERVKC4-int|ERVK|LTR
169288,HERVE_a-int,ERV1,LTR,HERVE_a-int|ERV1|LTR
174711,LTR22,ERVK,LTR,LTR22|ERVK|LTR
179586,MER67D,ERV1,LTR,MER67D|ERV1|LTR
179982,MER87B,ERV1,LTR,MER87B|ERV1|LTR
179996,MLT1G3-int,ERVL-MaLR,LTR,MLT1G3-int|ERVL-MaLR|LTR
181116,Charlie11,hAT-Charlie,DNA,Charlie11|hAT-Charlie|DNA
181253,MER88,ERVL,LTR,MER88|ERVL|LTR
181301,LTR108e_Mam,ERVL,LTR,LTR108e_Mam|ERVL|LTR
182224,MER92C,ERV1,LTR,MER92C|ERV1|LTR
185606,HERVI-int,ERV1,LTR,HERVI-int|ERV1|LTR
185607,LTR10B1,ERV1,LTR,LTR10B1|ERV1|LTR
186179,LTR25,ERV1,LTR,LTR25|ERV1|LTR
186553,LTR60,ERV1,LTR,LTR60|ERV1|LTR
186631,LTR3,ERVK,LTR,LTR3|ERVK|LTR
186632,HERVK3-int,ERVK,LTR,HERVK3-int|ERVK|LTR
186896,L1P,L1,LINE,L1P|L1|LINE
188147,hAT-16_Crp,hAT-Charlie,DNA,hAT-16_Crp|hAT-Charlie|DNA
189160,LTR108d_Mam,ERVL,LTR,LTR108d_Mam|ERVL|LTR
189313,LTR18C,ERVL,LTR,LTR18C|ERVL|LTR
189950,MER83A-int,ERV1,LTR,MER83A-int|ERV1|LTR
205769,Charlie6,hAT-Charlie,DNA,Charlie6|hAT-Charlie|DNA
208271,LTR72,ERV1,LTR,LTR72|ERV1|LTR
227928,UCON23,hAT-Tip100,DNA,UCON23|hAT-Tip100|DNA
241230,MER76-int,ERVL,LTR,MER76-int|ERVL|LTR
246945,LTR14C,ERVK,LTR,LTR14C|ERVK|LTR
255049,LTR47B,ERVL,LTR,LTR47B|ERVL|LTR
258737,Eulor5B,DNA,DNA,Eulor5B|DNA|DNA
260321,LTR38C,ERV1,LTR,LTR38C|ERV1|LTR
264051,HERV1_LTRa,ERV1,LTR,HERV1_LTRa|ERV1|LTR
269725,L2-3_AMi,L2,LINE,L2-3_AMi|L2|LINE
290706,LTR10G,ERV1,LTR,LTR10G|ERV1|LTR
296430,LTR108c_Mam,ERVL,LTR,LTR108c_Mam|ERVL|LTR
296549,LTR108b_Mam,ERVL,LTR,LTR108b_Mam|ERVL|LTR
297964,ERVL47-int,ERVL,LTR,ERVL47-int|ERVL|LTR
299394,LTR59,ERV1,LTR,LTR59|ERV1|LTR
311704,Chompy-7_Croc,PIF-Harbinger,DNA,Chompy-7_Croc|PIF-Harbinger|DNA
316021,MER136,DNA,DNA,MER136|DNA|DNA
346929,MER57E3,ERV1,LTR,MER57E3|ERV1|LTR
347024,LTR70,ERV1,LTR,LTR70|ERV1|LTR
348765,Eulor6E,DNA,DNA,Eulor6E|DNA|DNA
364228,L1P4c,L1,LINE,L1P4c|L1|LINE
370739,HERVK11D-int,ERVK,LTR,HERVK11D-int|ERVK|LTR
371419,MLT1E1-int,ERVL-MaLR,LTR,MLT1E1-int|ERVL-MaLR|LTR
378296,HERV1_I-int,ERV1,LTR,HERV1_I-int|ERV1|LTR
385299,Chompy-6_Croc,PIF-Harbinger,DNA,Chompy-6_Croc|PIF-Harbinger|DNA
440653,MER9B,ERVK,LTR,MER9B|ERVK|LTR
517413,MamRep1161,TcMar-Tigger,DNA,MamRep1161|TcMar-Tigger|DNA
520952,Tigger1a_Mars,TcMar-Tigger,DNA,Tigger1a_Mars|TcMar-Tigger|DNA
536015,UCON100,DNA,DNA,UCON100|DNA|DNA
584747,LTR43-int,ERV1,LTR,LTR43-int|ERV1|LTR
586398,HERV1_LTRe,ERV1,LTR,HERV1_LTRe|ERV1|LTR
591515,HERV-Fc1_LTR1,ERV1,LTR,HERV-Fc1_LTR1|ERV1|LTR
593785,HERV-Fc1_LTR2,ERV1,LTR,HERV-Fc1_LTR2|ERV1|LTR
593786,HERV-Fc2-int,ERV1,LTR,HERV-Fc2-int|ERV1|LTR
593791,HERV-Fc1-int,ERV1,LTR,HERV-Fc1-int|ERV1|LTR
656915,HERV1_LTRc,ERV1,LTR,HERV1_LTRc|ERV1|LTR
665167,HERV15-int,ERV1,LTR,HERV15-int|ERV1|LTR
665895,HERV-Fc1_LTR3,ERV1,LTR,HERV-Fc1_LTR3|ERV1|LTR
716529,HERV1_LTRb,ERV1,LTR,HERV1_LTRb|ERV1|LTR
918598,Charlie12,hAT-Charlie,DNA,Charlie12|hAT-Charlie|DNA
1009119,LTR109A2,ERV1,LTR,LTR109A2|ERV1|LTR
1019943,LTR22C,ERVK,LTR,LTR22C|ERVK|LTR
3102827,MLT1M-int,ERVL-MaLR,LTR,MLT1M-int|ERVL-MaLR|LTR
4685629,L2d,L2,LINE,L2d|L2|LINE
4685633,L2d2,L2,LINE,L2d2|L2|LINE
4685636,AmnL2-1,L2,LINE,AmnL2-1|L2|LINE
4685640,X9b_DNA,TcMar-Tigger,DNA,X9b_DNA|TcMar-Tigger|DNA
4685760,hAT-5_Mam,hAT-Tag1,DNA,hAT-5_Mam|hAT-Tag1|DNA
4685789,X11_DNA,TcMar-Tigger,DNA,X11_DNA|TcMar-Tigger|DNA
4685850,Chap1a_Mam,hAT-Charlie,DNA,Chap1a_Mam|hAT-Charlie|DNA
4685971,X15_LINE,L2,LINE,X15_LINE|L2|LINE
4686131,MamTip2b,hAT-Tip100,DNA,MamTip2b|hAT-Tip100|DNA
4686235,AluYb8a1,Alu,SINE,AluYb8a1|Alu|SINE
4686611,EUTREP8,LTR,LTR,EUTREP8|LTR|LTR
4686651,MARE4,hAT-Tip100,DNA,MARE4|hAT-Tip100|DNA
4686693,Tigger23a,TcMar-Tigger,DNA,Tigger23a|TcMar-Tigger|DNA
4686896,EuthAT-2,hAT-Ac,DNA,EuthAT-2|hAT-Ac|DNA
4686938,LTR91A,LTR,LTR,LTR91A|LTR|LTR
4687088,Charlie16,hAT-Charlie,DNA,Charlie16|hAT-Charlie|DNA
4687345,X17_LINE,CR1,LINE,X17_LINE|CR1|LINE
4687508,X6b_DNA,TcMar-Tigger,DNA,X6b_DNA|TcMar-Tigger|DNA
4687617,MamTip1b,hAT-Tip100,DNA,MamTip1b|hAT-Tip100|DNA
4687700,MamGypLTR4,Gypsy,LTR,MamGypLTR4|Gypsy|LTR
4687711,MLT1C2,ERVL-MaLR,LTR,MLT1C2|ERVL-MaLR|LTR
4688280,X24_DNA,DNA,DNA,X24_DNA|DNA|DNA
4688595,X4b_DNA,TcMar-Tigger,DNA,X4b_DNA|TcMar-Tigger|DNA
4688683,MARE8,DNA,DNA,MARE8|DNA|DNA
4689207,X32_DNA,TcMar-Tc1,DNA,X32_DNA|TcMar-Tc1|DNA
4689366,UCON34,hAT-Charlie,DNA,UCON34|hAT-Charlie|DNA
4689459,UCON58,DNA,DNA,UCON58|DNA|DNA
4689809,Eutr15,hAT-Tip100,DNA,Eutr15|hAT-Tip100|DNA
4690029,X1_DNA,TcMar-Tigger,DNA,X1_DNA|TcMar-Tigger|DNA
4690496,UCON105,hAT,DNA,UCON105|hAT|DNA
4690647,UCON44,TcMar-Tigger,DNA,UCON44|TcMar-Tigger|DNA
4690694,X5a_DNA,TcMar-Tigger,DNA,X5a_DNA|TcMar-Tigger|DNA
4690743,Eutr16,hAT-Tip100,DNA,Eutr16|hAT-Tip100|DNA
4690768,Charlie30b,hAT-Charlie,DNA,Charlie30b|hAT-Charlie|DNA
4691080,X12_DNA,TcMar-Tigger,DNA,X12_DNA|TcMar-Tigger|DNA
4691337,EUTREP2,hAT,DNA,EUTREP2|hAT|DNA
4691384,UCON73,hAT,DNA,UCON73|hAT|DNA
4691483,L2-2_Mam,L2,LINE,L2-2_Mam|L2|LINE
4691950,UCON59,DNA,DNA,UCON59|DNA|DNA
4692090,Charlie31a,hAT-Charlie,DNA,Charlie31a|hAT-Charlie|DNA
4692261,X12_LINE,I-Jockey,LINE,X12_LINE|I-Jockey|LINE
4692761,EUTREP16,LTR,LTR,EUTREP16|LTR|LTR
4692766,X6a_DNA,TcMar-Tigger,DNA,X6a_DNA|TcMar-Tigger|DNA
4693142,EUTREP7,ERV1,LTR,EUTREP7|ERV1|LTR
4694298,Eutr10,ERVL,LTR,Eutr10|ERVL|LTR
4694299,LTR89B,ERVL,LTR,LTR89B|ERVL|LTR
4694338,EuthAT-N1,hAT-Tip100,DNA,EuthAT-N1|hAT-Tip100|DNA
4694344,Arthur2,hAT-Tip100,DNA,Arthur2|hAT-Tip100|DNA
4694405,Eutr18,LTR,LTR,Eutr18|LTR|LTR
4695018,hAT-1_Mam,hAT-Tag1,DNA,hAT-1_Mam|hAT-Tag1|DNA
4695121,AluYb10,Alu,SINE,AluYb10|Alu|SINE
4696896,Tigger17d,TcMar-Tigger,DNA,Tigger17d|TcMar-Tigger|DNA
4697312,MamTip3B,hAT-Tip100,DNA,MamTip3B|hAT-Tip100|DNA
4698387,Eutr11,DNA,DNA,Eutr11|DNA|DNA
4698864,MamRep605b,LTR,LTR,MamRep605b|LTR|LTR
4700064,hAT-N1a_Mam,hAT-Tip100,DNA,hAT-N1a_Mam|hAT-Tip100|DNA
4701484,X26_DNA,TcMar-Tigger,DNA,X26_DNA|TcMar-Tigger|DNA
4702391,AmnHarb1,PIF-Harbinger,DNA,AmnHarb1|PIF-Harbinger|DNA
4702444,X9a_DNA,DNA,DNA,X9a_DNA|DNA|DNA
4704403,X21_LINE,CR1,LINE,X21_LINE|CR1|LINE
4704654,UCON38,hAT-Charlie,DNA,UCON38|hAT-Charlie|DNA
4707186,Zaphod5a,hAT-Tip100,DNA,Zaphod5a|hAT-Tip100|DNA
4707465,Eutr2B,MULE-MuDR,DNA,Eutr2B|MULE-MuDR|DNA
4711243,MLT1C2-int,ERVL-MaLR,LTR,MLT1C2-int|ERVL-MaLR|LTR
4719456,X4a_DNA,TcMar-Tigger,DNA,X4a_DNA|TcMar-Tigger|DNA
4719488,X30_DNA,DNA,DNA,X30_DNA|DNA|DNA
4720848,Tigger6,TcMar-Tigger,DNA,Tigger6|TcMar-Tigger|DNA
4721203,Eutr5,LTR,LTR,Eutr5|LTR|LTR
4722209,Charlie32a,hAT-Charlie,DNA,Charlie32a|hAT-Charlie|DNA
4725267,X24_LINE,L2,LINE,X24_LINE|L2|LINE
4726610,X34_DNA,DNA,DNA,X34_DNA|DNA|DNA
4726723,UCON15,hAT-Ac,DNA,UCON15|hAT-Ac|DNA
4728452,UCON4,DNA,DNA,UCON4|DNA|DNA
4729364,Charlie29b,hAT-Charlie,DNA,Charlie29b|hAT-Charlie|DNA
4729424,X2b_DNA,DNA,DNA,X2b_DNA|DNA|DNA
4734840,Zaphod4a,hAT-Tip100,DNA,Zaphod4a|hAT-Tip100|DNA
4736188,EutTc1-N2,TcMar-Tc1,DNA,EutTc1-N2|TcMar-Tc1|DNA
4737873,AluYb11,Alu,SINE,AluYb11|Alu|SINE
4740282,Tigger22N1,TcMar-Tigger,DNA,Tigger22N1|TcMar-Tigger|DNA
4740295,X2a_DNA,DNA,DNA,X2a_DNA|DNA|DNA
4741472,Eutr2,MULE-MuDR,DNA,Eutr2|MULE-MuDR|DNA
4742794,X23_DNA,DNA,DNA,X23_DNA|DNA|DNA
4745615,UCON40,TcMar-Mariner,DNA,UCON40|TcMar-Mariner|DNA
4747720,Zaphod5b,hAT-Tip100,DNA,Zaphod5b|hAT-Tip100|DNA
4751006,CR1-1_Amn,CR1,LINE,CR1-1_Amn|CR1|LINE
4754646,Tigger21a,TcMar-Tigger,DNA,Tigger21a|TcMar-Tigger|DNA
4757754,MamRTE2,RTE-BovB,LINE,MamRTE2|RTE-BovB|LINE
4758875,EUTREP15,ERV1,LTR,EUTREP15|ERV1|LTR
4760062,MARE6,L1-Tx1,LINE,MARE6|L1-Tx1|LINE
4780559,UCON37,hAT-Ac,DNA,UCON37|hAT-Ac|DNA
