disease,classification_count,source_statuses,top_categories,descriptions
22q11.2 deletion syndrome,1,found,20 Developmental anomalies,22q11.2 deletion syndrome (22qDS) is a disorder caused by a deletion of a small piece of chromosome 22.
ALS with other neurological disorder,1,not_found,08 Diseases of the nervous system,ALS with other neurological disorder (ALSND) is a classification for individuals with ALS and additional neurological conditions.
Abdominal aortic aneurysm,1,found,11 Diseases of the circulatory system,Abdominal aortic aneurysm is a multi-factorial disease characterized by a localized enlargement of the abdominal aorta.
Acquired immunodeficiency syndrome (AIDS),1,found,01 Certain infectious or parasitic diseases,"AIDS (Acquired Immunodeficiency Syndrome) is a chronic, potentially life-threatening condition caused by the human immunodeficiency virus (HIV)."
Acrodermatitis enteropathica,1,found,"05 Endocrine, nutritional or metabolic diseases","Acrodermatitis enteropathica is a genetic disorder characterized by zinc deficiency, leading to dermatitis, alopecia, and diarrhea."
Acute kidney injury,1,found,16 Diseases of the genitourinary system,Acute kidney injury (AKI) is a sudden episode of kidney failure or kidney damage that happens within a few hours or a few days.
Acute promyelocytic leukemia,1,found,02 Neoplasms,Acute promyelocytic leukemia (APL) is a subtype of acute myeloid leukemia characterized by a PML-RARA gene fusion.
Adult T-cell leukemia/lymphoma (ATLL),1,not_found,02 Neoplasms,Adult T-cell leukemia/lymphoma is a very aggressive and chemoresistant leukemia caused by the human T-cell leukemia virus type 1 (HTLV-1).
Aicardi-Goutières syndrome (AGS),1,not_found,"05 Endocrine, nutritional or metabolic diseases","Aicardi-Goutières syndrome (AGS) is a type I interferonopathy, an autoimmune disease affecting the brain."
Alcohol-related liver disease,1,not_found,13 Diseases of the digestive system,Liver disease caused by alcohol consumption.
Allergies,1,found,24 Factors influencing health status or contact with health services,Allergies are hypersensitivity disorders of the immune system to typically harmless substances in the environment.
Alport syndrome,1,found,20 Developmental anomalies,"Alport syndrome is a genetic disorder characterized by kidney disease, hearing loss, and eye abnormalities, often caused by mutations in collagen genes."
Alveolar capillary dysplasia with misalignment of pulmonary veins (ACDMPV),1,not_found,12 Diseases of the respiratory system,ACDMPV is a rare lethal neonatal developmental lung disorder caused by mutations or deletions of FOXF1 or its enhancer.
Alzheimer's disease,1,found,08 Diseases of the nervous system,Alzheimer's disease is a progressive neurodegenerative disorder.
Amyotrophic lateral sclerosis (ALS),1,found,08 Diseases of the nervous system,Amyotrophic lateral sclerosis (ALS) is a neurodegenerative disease affecting motor neurons.
Androgen Insensitivity Syndrome (AIS),1,not_found,20 Developmental anomalies,"Androgen Insensitivity Syndrome is the most common cause of disorders of sex development in 46,XY individuals, resulting from impaired function of the androgen receptor."
Aneuploidy,1,found,20 Developmental anomalies,Aneuploidy is a chromosomal abnormality characterized by an abnormal number of chromosomes in a cell.
Angelman syndrome,1,found,20 Developmental anomalies,"Angelman syndrome is a genetic disorder that primarily affects the nervous system, causing developmental delays and neurological problems."
Asthenozoospermia,1,not_found,16 Diseases of the genitourinary system,"Asthenozoospermia is a condition characterized by reduced sperm motility, often associated with male infertility."
Asthma,1,found,12 Diseases of the respiratory system,Asthma is a chronic respiratory disease characterized by airway inflammation and hyperresponsiveness.
Atypical teratoid/rhabdoid tumors (ATRTs),1,not_found,02 Neoplasms,Atypical teratoid/rhabdoid tumors are aggressive central nervous system tumors mainly affecting young children.
Autism spectrum disorder (ASD),1,not_found,"06 Mental, behavioural or neurodevelopmental disorders",Autism Spectrum Disorder is a complex neurodevelopmental condition characterized by challenges in social communication and repetitive behaviors.
Autoimmunity,1,found,04 Diseases of the immune system,Autoimmunity refers to diseases where the immune system mistakenly attacks the body's own tissues.
Azoospermia,1,found,16 Diseases of the genitourinary system,"Azoospermia is a condition characterized by the absence of sperm in the semen, often associated with male infertility."
Azoospermia with meiotic arrest,1,not_found,16 Diseases of the genitourinary system,A condition characterized by the absence of sperm in semen due to a halt in the meiotic process during spermatogenesis.
B-acute lymphoblastic leukemia with KMT2A rearrangement,1,not_found,02 Neoplasms,B-acute lymphoblastic leukemia with KMT2A rearrangement (KMT2A-r B-ALL) is a subtype of B-cell acute lymphoblastic leukemia characterized by a chromosomal rearrangement involving the KMT2A gene.
B-cell malignancies,1,not_found,02 Neoplasms,"B cell malignancies are cancers that arise from B lymphocytes, such as leukemias and lymphomas."
B-cell tumors,1,found,02 Neoplasms,B-cell tumors are a type of cancer originating from B lymphocytes.
Bardet-Biedl syndrome,1,found,"05 Endocrine, nutritional or metabolic diseases","Bardet-Biedl syndrome (BBS) is a ciliopathy characterized by retinitis pigmentosa, obesity, polydactyly, cognitive impairment and renal failure."
Barrett's esophagus,1,found,13 Diseases of the digestive system,Barrett's esophagus (BE) is a condition where the esophageal lining changes from stratified squamous epithelium to metaplastic columnar epithelium.
Becker muscular dystrophy,1,found,08 Diseases of the nervous system,"Becker muscular dystrophy (BMD) is an inherited muscle-wasting disorder, similar to Duchenne muscular dystrophy but typically with a later onset and milder course, also caused by mutations in the dystrophin gene."
Becker muscular dystrophy (BMD),1,not_found,08 Diseases of the nervous system,
Brainstem atrophy,1,not_found,08 Diseases of the nervous system,Brainstem atrophy is a neurodegenerative condition characterized by the loss of neurons and tissue in the brainstem.
Breast tumor,1,found,02 Neoplasms,Breast tumor is a type of cancer that forms in the cells of the breast.
Burkitt's lymphoma,1,found,02 Neoplasms,Burkitt's lymphoma is a highly aggressive B-cell non-Hodgkin lymphoma.
C9orf72 gene-mutated ALS,1,not_found,08 Diseases of the nervous system,A form of amyotrophic lateral sclerosis associated with mutations in the C9orf72 gene.
C9orf72-mediated frontotemporal dementia,1,not_found,"06 Mental, behavioural or neurodevelopmental disorders",Frontotemporal dementia caused by the hexanucleotide repeat expansion within the C9orf72 gene.
CAR T-cell lymphoma,1,not_found,02 Neoplasms,CAR T-cell lymphoma is a type of lymphoma that develops from chimeric antigen receptor (CAR) T cells.
CNS neuroblastoma,1,not_found,02 Neoplasms,CNS neuroblastoma is a type of embryonal tumor of the central nervous system.
COVID-19,1,found,25 Codes for special purposes,COVID-19 is a disease caused by infection with the SARS-CoV-2 virus.
Canavan disease,1,found,"05 Endocrine, nutritional or metabolic diseases",Canavan disease is a rare autosomal recessive leukodystrophy caused by biallelic pathogenic variants in the ASPA gene.
Carcinogenesis,1,not_found,others,Carcinogenesis is the process by which normal cells are transformed into cancer cells.
Cardiovascular disease,1,found,11 Diseases of the circulatory system,Cardiovascular disease (CVD) refers to a class of diseases that involve the heart or blood vessels.
Castration-resistant prostate cancer,1,not_found,02 Neoplasms,Castration-resistant prostate cancer is an advanced form of prostate cancer that continues to progress despite androgen deprivation therapy.
Chagas disease,1,found,01 Certain infectious or parasitic diseases,Chagas disease is a tropical parasitic disease caused by Trypanosoma cruzi.
Charcot-Marie-Tooth disease,1,found,08 Diseases of the nervous system,Charcot-Marie-Tooth disease is a human genetic disease associated with molecular rearrangements.
Charcot-Marie-Tooth syndrome,1,not_found,08 Diseases of the nervous system,"Charcot-Marie-Tooth syndrome is a group of inherited disorders that cause nerve damage, primarily in the arms and legs."
Charcot-Marie-Tooth type 1A,1,found,20 Developmental anomalies,Charcot-Marie-Tooth type 1A (CMT1A) is an inherited peripheral neuropathy caused by misalignment between the two elements of the CMT1A-REP binary repeat on chromosome 17p11.2-p12.
Choroideremia,1,found,09 Diseases of the visual system,Choroideremia is an X-linked progressive eye disease.
Chromosomal mosaicism,1,found,20 Developmental anomalies,Chromosomal mosaicism is a condition where an individual has two or more populations of cells with different chromosomal complements.
Chromothripsis,1,not_found,other,Chromothripsis is a phenomenon where multiple localized double-stranded DNA breaks result in complex genomic rearrangements.
Chronic Fatigue Syndrome,1,not_found,08 Diseases of the nervous system,
Chronic granulomatous disease,1,found,04 Diseases of the immune system,"Chronic granulomatous disease (CGD) is a genetic disorder characterized by defects in neutrophil function, specifically impaired NADPH oxidase activity."
Chronic lymphocytic leukemia,1,found,02 Neoplasms,Chronic lymphocytic leukemia (CLL) is a type of cancer of the blood and bone marrow.
Chronic obstructive pulmonary disease,1,found,12 Diseases of the respiratory system,Chronic obstructive pulmonary disease (COPD) is a complex lung disorder primarily caused by cigarette smoking.
Cockayne syndrome,1,found,20 Developmental anomalies,"Cockayne syndrome is a rare genetic disorder characterized by growth failure, impaired development of the nervous system, and sensitivity to sunlight."
Coeliac disease,1,found,13 Diseases of the digestive system,Coeliac disease (CeD) is an immune-mediated disease triggered by an abnormal T-cell response to dietary gluten and a predisposing condition of small bowel adenocarcinoma.
Colon adenocarcinoma,1,found,02 Neoplasms,Colon adenocarcinoma is a type of cancer that forms in the glandular cells lining the colon.
Complex diseases,1,found,13 Diseases of the digestive system,Complex diseases are disorders influenced by multiple genetic and environmental factors.
Crohn's disease,1,found,13 Diseases of the digestive system,Crohn's disease is a type of inflammatory bowel disease (IBD) that causes inflammation of the digestive tract.
Cystic fibrosis,1,found,12 Diseases of the respiratory system,Cystic fibrosis is a frequent inherited rare disease caused by mutations in the cystic fibrosis transmembrane conductance regulator gene.
Dementia,1,found,"06 Mental, behavioural or neurodevelopmental disorders","Dementia is a syndrome characterized by a decline in cognitive function severe enough to interfere with daily life, often associated with Alzheimer's disease."
Desmoplastic small round cell tumor,1,not_found,02 Neoplasms,Desmoplastic small round cell tumor (DSRCT) is a primitive multiphenotypic sarcoma arising in serosal tissues.
Diffuse large B-cell lymphoma,1,found,02 Neoplasms,Diffuse large B-cell lymphoma (DLBCL) is a type of aggressive non-Hodgkin lymphoma.
Dihydropyrimidine dehydrogenase deficiency,1,found,"05 Endocrine, nutritional or metabolic diseases","Dihydropyrimidine dehydrogenase deficiency is a metabolic disorder affecting the breakdown of pyrimidines, leading to severe toxicity to the antineoplastic drug 5-fluorouracil (5-FU)."
Down syndrome,1,found,20 Developmental anomalies,Down syndrome (DS) is the most common chromosomal condition causing intellectual disability globally.
Duchenne muscular dystrophy,1,found,08 Diseases of the nervous system,Duchenne muscular dystrophy is a severe type of muscular dystrophy.
Duchenne muscular dystrophy (DMD),1,not_found,08 Diseases of the nervous system,Duchenne/Becker muscular dystrophy (DMD/BMD) is a genetic disorder caused by mutations in the dystrophin gene.
Ductal carcinoma in situ (DCIS),1,found,02 Neoplasms,A non-invasive breast cancer where abnormal cells are found in the lining of a breast duct but have not spread outside the duct.
Dystrophinopathy,1,found,08 Diseases of the nervous system,"A group of muscle diseases caused by mutations in the dystrophin gene, including Duchenne and Becker muscular dystrophy and X-linked dilated cardiomyopathy."
Epithelial ovarian cancer,1,found,02 Neoplasms,Epithelial ovarian cancer (EOC) is a malignant tumor originating from the epithelial cells of the ovary.
Epstein-Barr virus-associated gastric cancer,1,not_found,02 Neoplasms,Epstein-Barr virus-associated gastric cancer (EBVaGC) is a type of gastric cancer linked to Epstein-Barr virus infection.
Esophageal squamous cell carcinoma,1,found,02 Neoplasms,Esophageal squamous cell carcinoma (ESCC) is a type of cancer that forms in the squamous cells lining the esophagus.
Facioscapulohumeral muscular dystrophy,1,found,08 Diseases of the nervous system,"Facioscapulohumeral muscular dystrophy is a genetic muscle disorder characterized by progressive weakness of facial, shoulder, and upper arm muscles."
Fanconi anemia,1,found,03 Diseases of the blood or blood-forming organs,"Fanconi anemia is a genetic disorder characterized by bone marrow failure and increased cancer risk, associated with defects in DNA crosslink repair."
Fanconi anemia neuroinflammatory syndrome (FANS),1,not_found,03 Diseases of the blood or blood-forming organs,Fanconi anemia neuroinflammatory syndrome is a neuroinflammatory condition associated with Fanconi anemia.
Fibromyalgia,1,found,"21 Symptoms, signs or clinical findings, not elsewhere classified","Fibromyalgia is a chronic condition characterized by widespread pain, fatigue, and other symptoms."
First trimester miscarriage,1,not_found,"18 Pregnancy, childbirth or the puerperium",First trimester miscarriage refers to the spontaneous loss of a pregnancy before 13 weeks of gestation.
Floating Harbor syndrome,1,found,20 Developmental anomalies,"Floating Harbor syndrome is a neurodevelopmental disorder characterized by short stature, delayed bone age, expressive language delay, and distinctive facial features."
Frontotemporal dementia,1,found,"06 Mental, behavioural or neurodevelopmental disorders","A neurodegenerative disorder, with the C9orf72 hexanucleotide repeat expansion being its most common genetic cause."
Frontotemporal lobar degeneration (FTLD),1,not_found,08 Diseases of the nervous system,"Frontotemporal lobar degeneration (FTLD) is a group of disorders caused by progressive nerve cell loss in the brain's frontal or temporal lobes, affecting behavior, personality, and language."
Fukuyama congenital muscular dystrophy,1,found,08 Diseases of the nervous system,Fukuyama congenital muscular dystrophy (FCMD) is a severe form of muscular dystrophy characterized by brain structural anomalies and ocular complications due to neuronal migration disorders.
Fukuyama muscular dystrophy,1,found,08 Diseases of the nervous system,"Fukuyama muscular dystrophy (FCMD) is an autosomal recessive muscular dystrophy common in Japan, caused by a mutation in the fukutin gene."
Gastric adenocarcinoma,1,found,02 Neoplasms,Gastric adenocarcinoma is a specific histological type of gastric cancer originating from glandular cells in the stomach lining.
Gitelman syndrome,1,found,"05 Endocrine, nutritional or metabolic diseases",Gitelman syndrome is an autosomal recessive renal tubulopathy characterized by hypokalemic metabolic alkalosis with hypocalciuria and hypomagnesemia.
Glioblastoma,1,found,02 Neoplasms,Glioblastoma (GBM) is an aggressive type of brain cancer.
Glioblastoma multiforme,1,found,02 Neoplasms,Glioblastoma multiforme (GBM) is the most common and aggressive malignant primary brain tumor in adults.
Glioma,1,found,02 Neoplasms,Glioma is an aggressive type of brain tumor.
H3 K27M-mutant diffuse midline glioma,1,not_found,Neoplasms of central nervous system or related structures,H3 K27M-mutant diffuse midline gliomas are a subtype of high-grade glioma with a specific histone mutation.
HIV infection,1,found,01 Certain infectious or parasitic diseases,Infection caused by the human immunodeficiency virus (HIV).
HIV-associated neurocognitive disorder,1,not_found,"06 Mental, behavioural or neurodevelopmental disorders",HIV-associated neurocognitive disorder (HAND) is a spectrum of cognitive impairments associated with HIV infection.
HTLV-1-associated myelopathy(HAM),1,not_found,08 Diseases of the nervous system,"HAM/TSP is a chronic, progressive neurological disease associated with human T-cell lymphotropic virus type 1 (HTLV-1) infection."
Haemophilia A,1,found,03 Diseases of the blood or blood-forming organs,Haemophilia A is an inherited bleeding disorder caused by a deficiency of coagulation factor VIII.
Head and neck squamous cell carcinoma,1,found,02 Neoplasms,Head and Neck Squamous Cell Carcinoma.
Heavy-metal carcinogenesis,1,not_found,others,Heavy-metal carcinogenesis refers to cancer development induced by exposure to toxic heavy metals.
Hemimegalencephaly,1,found,20 Developmental anomalies,Hemimegalencephaly is a rare neurological condition characterized by the overgrowth of one hemisphere of the brain.
Hemolytic anemia,1,found,03 Diseases of the blood or blood-forming organs,Hemolytic anemia is a condition characterized by the premature destruction of red blood cells.
Hemophilia A,1,found,03 Diseases of the blood or blood-forming organs,Hemophilia A is an inherited bleeding disorder caused by a deficiency of coagulation factor VIII.
Hemophilia B,1,found,03 Diseases of the blood or blood-forming organs,Hemophilia B is an inherited bleeding disorder caused by a deficiency of coagulation factor IX.
Hepatitis C virus infection,1,found,19 Certain conditions originating in the perinatal period,Hepatitis C virus (HCV) infection is a viral infection that primarily affects the liver.
Hepatocellular carcinoma,1,found,02 Neoplasms,A type of primary liver cancer.
Hereditary Spastic Paraplegia,1,found,08 Diseases of the nervous system,Hereditary Spastic Paraplegia (HSP) is a group of inherited neurological disorders characterized by progressive lower limb spasticity and weakness.
High-grade glioma,1,not_found,02 Neoplasms,"High-grade glioma (HGG) is a more aggressive, faster-growing type of glioma, such as glioblastoma."
Hodgkin lymphoma,1,found,02 Neoplasms,Hodgkin lymphoma is a type of lymphoma characterized by the presence of Reed-Sternberg cells.
Hormone-receptor-negative breast cancer,1,not_found,02 Neoplasms,A subtype of breast cancer that lacks expression of estrogen and progesterone receptors.
Human male infertility,1,not_found,16 Diseases of the genitourinary system,Human male infertility is a condition characterized by the inability to achieve pregnancy due to impaired spermatogenesis.
Hunter syndrome,1,found,"05 Endocrine, nutritional or metabolic diseases",Hunter syndrome (Mucopolysaccharidosis type II) is a rare X-linked lysosomal storage disorder.
Huntington's disease,1,found,08 Diseases of the nervous system,Huntington's disease (HD) is a dominantly inherited neurodegenerative disorder caused by an expansion of a CAG repeat in the HTT gene.
Hutchinson-Gilford progeria syndrome,1,not_found,20 Developmental anomalies,"A rare genetic disorder characterized by accelerated aging, caused by mutations leading to progerin expression."
Hypoxic pulmonary hypertension,1,found,11 Diseases of the circulatory system,Hypoxic pulmonary hypertension (HPH) is a complex vascular disease characterized by elevated pulmonary artery pressure due to chronic hypoxia.
Idiopathic Pulmonary Fibrosis,1,found,12 Diseases of the respiratory system,"Idiopathic Pulmonary Fibrosis (IPF) is a chronic, progressive lung disease characterized by excessive extracellular matrix deposition, myofibroblast foci, and alveolar epithelial cell hyperplasia."
Inflammatory Bowel Disease,1,found,13 Diseases of the digestive system,"Inflammatory Bowel Disease (IBD) is a group of chronic inflammatory conditions of the intestine, including Crohn's disease and ulcerative colitis."
Influenza A virus infection,1,not_found,01 Certain infectious or parasitic diseases,Infection caused by the influenza A virus.
Inherited retinal diseases (IRDs),1,not_found,09 Diseases of the visual system,Inherited retinal diseases (IRDs) are a group of genetic disorders that affect the retina and can lead to vision loss.
Insulin-dependent diabetes mellitus,1,found,"05 Endocrine, nutritional or metabolic diseases",Insulin-dependent diabetes mellitus is an autoimmune disease characterized by the destruction of insulin-producing beta cells in the pancreas.
Intellectual disability,1,found,"06 Mental, behavioural or neurodevelopmental disorders",Intellectual disability is a neurodevelopmental disorder characterized by limitations in intellectual functioning and adaptive behavior.
Intra-hepatic cholangiocarcinoma,1,found,02 Neoplasms,Intra-hepatic cholangiocarcinoma (ICC) is a cancer that originates in the bile ducts within the liver.
Invasive breast cancer,1,not_found,02 Neoplasms,Breast cancer that has spread from where it began in the breast ducts or lobules into surrounding normal tissue.
Kagami-Ogata syndrome,1,not_found,20 Developmental anomalies,Kagami-Ogata syndrome is a genomic imprinting disease caused by paternal duplication of human chromosome 14.
Kaposi's sarcoma,1,found,02 Neoplasms,Kaposi's sarcoma (KS) is a tumor caused by Kaposi's sarcoma-associated herpesvirus (KSHV).
Kaposi's sarcoma-associated herpesvirus-related malignancies,2,not_found,02 Neoplasms,"Malignancies associated with Kaposi's sarcoma-associated herpesvirus (KSHV) infection, including primary effusion lymphoma and Kaposi's sarcoma."
Leiomyosarcoma,1,found,02 Neoplasms,Leiomyosarcoma is a type of cancer that arises from smooth muscle cells.
Li-Fraumeni Syndrome,1,found,02 Neoplasms,"Li-Fraumeni Syndrome (LFS) is a rare hereditary disorder caused by germline pathogenic variants in the TP53 gene, predisposing individuals to a wide range of cancers."
Lipoprotein lipase deficiency,1,found,"05 Endocrine, nutritional or metabolic diseases",Lipoprotein lipase deficiency is a genetic disorder characterized by severe elevation in triacylglycerol levels.
Liver cirrhosis,1,found,13 Diseases of the digestive system,Liver cirrhosis is a chronic liver disease characterized by fibrosis and regenerative nodules.
Long COVID-19,1,not_found,25 Codes for special purposes,Long COVID-19 is a post-infectious condition characterized by a group of severe neuro- and cardiovascular disorders following SARS-CoV-2 infection.
Low-grade glioma,1,not_found,02 Neoplasms,"Low-grade glioma (LGG) is a less aggressive, slower-growing type of glioma."
Lynch syndrome,1,not_found,02 Neoplasms,Lynch syndrome is an autosomal dominant predisposition to cancer caused by heterozygous germline mutations in mismatch repair genes.
MSLN-positive solid tumors,1,not_found,others,MSLN-positive solid tumors are cancers that express the mesothelin (MSLN) antigen on their cell surface.
Male infertility,1,found,16 Diseases of the genitourinary system,"Male infertility refers to the inability of a male to achieve pregnancy in a fertile female partner, often due to defects in sperm production or function."
Malignant melanoma,1,found,02 Neoplasms,Malignant melanoma is a type of skin cancer that arises from melanocytes.
Manic depression,1,found,"06 Mental, behavioural or neurodevelopmental disorders","Manic depression, also known as bipolar disorder, is a mental health condition that causes extreme mood swings that include emotional highs (mania or hypomania) and lows (depression)."
Meckel syndrome,1,found,20 Developmental anomalies,Meckel syndrome is a severe neurodevelopmental disorder associated with biallelic CC2D2A variants.
Meckel-Gruber syndrome,1,found,20 Developmental anomalies,Meckel-Gruber syndrome is a rare ciliopathy characterized by occipital encephalocele and cystic kidney disease.
Mendelian disease,1,found,04 Diseases of the immune system,"Mendelian diseases are genetic disorders caused by mutations in a single gene, following Mendelian patterns of inheritance."
Metabolic dysfunction-associated steatotic liver disease,1,not_found,13 Diseases of the digestive system,A liver disease characterized by steatosis associated with metabolic dysfunction.
Mixed fibrolamellar hepatocellular carcinoma,1,not_found,02 Neoplasms,"Mixed fibrolamellar hepatocellular carcinoma (FL-HCC) is a subtype of liver cancer that resembles classic HCC, occurring in patients aged > 40 years and frequently involving the liver as the primary site of disease recurrence."
Monosomy X,1,found,20 Developmental anomalies,"Monosomy X, also known as Turner syndrome, is a chromosomal disorder in which a female is partly or completely missing an X chromosome."
Multiple sclerosis,1,found,08 Diseases of the nervous system,Multiple sclerosis is a neurological immune-driven disease of unknown etiology.
Myalgic Encephalomyelitis,1,not_found,08 Diseases of the nervous system,"Myalgic Encephalomyelitis/Chronic Fatigue Syndrome is a complex, chronic illness characterized by extreme fatigue and other symptoms."
Myeloproliferative neoplasms,1,found,02 Neoplasms,Myeloproliferative neoplasms (MPNs) are clonal stem cell disorders characterized by dysregulated megakaryopoiesis and expansion of neoplastic hematopoietic stem cells.
NF1 deletion,1,not_found,other,"NF1 deletion refers to large genomic copy number changes involving the NF1 gene, which can cause neurofibromatosis type 1."
NF1 mutations,1,not_found,other,"Mutations in the NF1 gene, which can cause neurofibromatosis type 1, an inherited disorder."
NKX2-1-related disorder,1,not_found,12 Diseases of the respiratory system,"NKX2-1-related disorder is a condition caused by heterozygous NKX2-1 loss-of-function variants, characterized by hyperkinetic movement disorders, pulmonary dysfunction, and hypothyroidism."
Nasopharyngeal carcinoma,1,found,02 Neoplasms,Nasopharyngeal carcinoma (NPC) is a type of cancer that occurs in the nasopharynx.
Neoplastic Transformation,1,found,02 Neoplasms,Neoplastic transformation is the process by which normal cells acquire properties of cancer cells.
Neurodegenerative conditions,1,not_found,others,
Neurodegenerative disorders,1,found,08 Diseases of the nervous system,Neurodegenerative disorders are a group of conditions characterized by the progressive loss of structure or function of neurons.
Neurodevelopmental diseases,1,not_found,"06 Mental, behavioural or neurodevelopmental disorders","Neurodevelopmental diseases are a group of conditions with onset in the developmental period, often leading to intellectual disability or other neurological impairments."
Neurofibromatosis type 1,1,found,20 Developmental anomalies,Neurofibromatosis type 1 is a human genetic disorder.
Neuropsychiatric conditions,1,not_found,others,
Normal aging,1,not_found,others,"Normal aging refers to the natural, time-dependent accumulation of physiological and neurological changes that occur in the absence of specific disease."
Occipital horn syndrome,1,found,20 Developmental anomalies,Occipital horn syndrome (OHS) is an X-linked copper metabolism disorder caused by dysfunction of the copper transporter ATP7A.
Oesophageal adenocarcinoma,1,found,02 Neoplasms,Oesophageal adenocarcinoma is a type of cancer that arises from glandular cells in the oesophagus.
Oligozoospermia,1,not_found,16 Diseases of the genitourinary system,"Oligozoospermia is a condition characterized by a low sperm count in semen, often associated with male infertility."
Opioid addiction,1,found,"06 Mental, behavioural or neurodevelopmental disorders","Opioid addiction is a chronic, relapsing disorder characterized by compulsive drug seeking and use despite harmful consequences."
Opioid physical dependence,1,not_found,"06 Mental, behavioural or neurodevelopmental disorders",Opioid physical dependence is a state of adaptation manifested by a withdrawal syndrome upon cessation of drug use.
Oral Squamous Cell Carcinoma,1,found,02 Neoplasms,Oral Squamous Cell Carcinoma (OSCC) is an aggressive malignancy characterized by frequent local invasion to regional lymph nodes.
Osteoarthritis,1,found,15 Diseases of the musculoskeletal system or connective tissue,A degenerative joint disease.
Osteosarcoma,1,found,02 Neoplasms,Osteosarcoma is a type of bone cancer.
Pancreatic adenocarcinoma,1,found,02 Neoplasms,Pancreatic adenocarcinoma (PAAD) is a deadly cancer characterized by abundant stroma.
Paraneoplastic Disorder,1,found,08 Diseases of the nervous system,Paraneoplastic Disorder (PND) is a group of rare disorders triggered by an altered immune system response to a neoplasm.
Parkinson's disease,1,found,08 Diseases of the nervous system,Parkinson's disease (PD) is a progressive neurodegenerative disorder.
Partial Androgen Insensitivity Syndrome (PAIS),1,not_found,20 Developmental anomalies,"Partial Androgen Insensitivity Syndrome is a disorder of sex development in 46,XY individuals characterized by undervirilization of external genitalia due to impaired androgen receptor function."
Persistent postoperative pain,1,not_found,"21 Symptoms, signs or clinical findings, not elsewhere classified",Persistent postoperative pain is a chronic pain condition that continues after the expected healing period following surgery.
Philadelphia chromosome-positive acute lymphoblastic leukemia,1,not_found,02 Neoplasms,Philadelphia chromosome-positive acute lymphoblastic leukemia (Ph(+)ALL) is a type of acute lymphoblastic leukemia characterized by the presence of the Philadelphia chromosome.
Prader-Willi syndrome,1,found,20 Developmental anomalies,"Prader-Willi syndrome is a complex genetic disorder affecting appetite, growth, metabolism, and cognitive function."
Primary effusion lymphoma,1,found,02 Neoplasms,Primary effusion lymphoma (PEL) is a lymphoma caused by Kaposi's sarcoma-associated herpesvirus (KSHV).
Primary immunodeficiency,1,found,04 Diseases of the immune system,Primary immunodeficiency refers to a group of disorders where part of the body's immune system is missing or does not function properly.
Primary lymphoedema,1,found,11 Diseases of the circulatory system,Primary lymphoedema is a genetic disorder characterized by swelling due to impaired lymphatic system function.
Pseudohypoparathyroidism type 1B (PHP1B),1,not_found,"05 Endocrine, nutritional or metabolic diseases","Pseudohypoparathyroidism type 1B is an imprinting disorder characterized by resistance to parathyroid hormone, often associated with loss of methylation at the GNAS locus."
Pure fibrolamellar hepatocellular carcinoma,1,not_found,02 Neoplasms,Pure fibrolamellar hepatocellular carcinoma (FL-HCC) is a subtype of liver cancer that typically occurs in patients aged < 30 years and often presents with lymph node metastasis and extrahepatic recurrences.
Pyruvate kinase deficiency,1,found,"05 Endocrine, nutritional or metabolic diseases",Pyruvate kinase deficiency (PKD) is the most frequent red blood cell enzyme abnormality of the glycolytic pathway and the most common cause of hereditary nonspherocytic hemolytic anemia.
Rectal cancer,1,found,02 Neoplasms,Rectal cancer is a type of cancer that forms in the tissues of the rectum.
Recurrent pregnancy loss (RPL),1,not_found,16 Diseases of the genitourinary system,Recurrent pregnancy loss (RPL) refers to the experience of multiple consecutive spontaneous abortions.
Retinitis pigmentosa,1,found,09 Diseases of the visual system,Retinitis pigmentosa is a group of inherited degenerative retinal disorders.
Retinoblastoma,1,found,02 Neoplasms,"Retinoblastoma (RB, MIM 180200) is a hereditary cancer of the retina, often caused by mutations in the RB1 gene."
Rett syndrome,1,found,20 Developmental anomalies,Rett syndrome is a rare genetic neurological and developmental disorder that affects the way the brain develops.
Rhabdomyolysis,1,found,15 Diseases of the musculoskeletal system or connective tissue,"Rhabdomyolysis is a condition involving the breakdown of damaged skeletal muscle, which can lead to complications such as acute kidney injury."
Rheumatoid arthritis,1,found,15 Diseases of the musculoskeletal system or connective tissue,Rheumatoid arthritis is an autoimmune disease characterized by chronic inflammation of the joints.
Rotor syndrome,1,found,"05 Endocrine, nutritional or metabolic diseases","Rotor syndrome is a benign recessive disease characterized by conjugated hyperbilirubinemia, caused by the homozygous inactivation of the SLCO1B1 and SLCO1B3 genes."
SARS-CoV-2 infection,1,not_found,other,
Sarcomatoid renal cell carcinoma,1,not_found,02 Neoplasms,Sarcomatoid renal cell carcinoma is an aggressive histological subtype of RCC characterized by spindle cells and poor prognosis.
Sepsis,1,found,01 Certain infectious or parasitic diseases,Sepsis is a life-threatening condition caused by the body's extreme response to an infection.
Septic shock,1,found,01 Certain infectious or parasitic diseases,"Septic shock is a severe form of sepsis characterized by profound circulatory, cellular, and metabolic abnormalities."
Small bowel adenocarcinoma,1,not_found,02 Neoplasms,Small bowel adenocarcinoma (SBA) is a type of cancer that can be associated with conditions like Coeliac disease.
Spinal muscular atrophy,1,found,08 Diseases of the nervous system,Spinal muscular atrophy (SMA) is an autosomal recessive motor neuron disease.
Spinocerebellar ataxia type 10,1,found,08 Diseases of the nervous system,A neurodegenerative disorder caused by ATTCT repeat expansion in the ATXN10 gene.
Spontaneous Genetic Disorder,1,not_found,others,Genetic diseases caused by new mutations that are not inherited from parents.
Spontaneous abortion,1,found,"18 Pregnancy, childbirth or the puerperium",Spontaneous abortion refers to the natural loss of a pregnancy before the 20th week of gestation.
Substance abuse disorders,1,found,"06 Mental, behavioural or neurodevelopmental disorders","Substance abuse disorders are conditions characterized by the harmful use of substances such as alcohol, drugs, or medications, leading to significant impairment or distress."
Substance-use disorders,1,found,"06 Mental, behavioural or neurodevelopmental disorders",Substance-use disorders are conditions characterized by the harmful use of psychoactive substances such as methamphetamine or cocaine.
Systemic lupus erythematosus,1,found,04 Diseases of the immune system,Systemic lupus erythematosus is a chronic autoimmune disease that can affect various parts of the body.
T-cell leukemia,1,found,02 Neoplasms,T-cell leukemia is a cancer of the T lymphocytes.
Tauopathy,1,found,"06 Mental, behavioural or neurodevelopmental disorders",Tauopathy is a group of neurodegenerative disorders pathologically characterized by deposits of tau protein in the brain.
Temple syndrome,1,not_found,20 Developmental anomalies,Temple syndrome is a genomic imprinting disease caused by maternal duplication of human chromosome 14.
Transmissible spongiform encephalopathies,1,found,08 Diseases of the nervous system,"A group of progressive neurodegenerative disorders, including scrapie, attributed to prions."
Triple-negative breast cancer,1,not_found,02 Neoplasms,"Triple-negative breast cancer (TNBC) is an aggressive subtype of breast cancer characterized by the lack of estrogen receptor, progesterone receptor, and HER2 expression."
Trisomy,1,found,20 Developmental anomalies,Trisomy is a type of aneuploidy where there are three copies of a particular chromosome instead of the normal two.
Turner syndrome,1,found,20 Developmental anomalies,Turner syndrome is a chromosomal disorder characterized by the partial or complete absence of one X chromosome in females.
Type 1 diabetes mellitus,1,found,"05 Endocrine, nutritional or metabolic diseases",Type 1 diabetes mellitus is an autoimmune disorder characterized by the destruction of insulin-producing beta cells in the pancreas.
Urothelial carcinoma,1,found,02 Neoplasms,"Urothelial carcinoma is a type of cancer that originates in the urothelial cells lining the urinary tract, including the bladder."
Uterine corpus endometrial carcinoma (UCEC),1,not_found,02 Neoplasms,Uterine Corpus Endometrial Carcinoma.
Waardenburg syndrome,1,found,14 Diseases of the skin,"Waardenburg syndrome is a genetic disorder characterized by sensorineural hearing loss and pigmentary abnormalities, often associated with neural crest cell defects."
Williams syndrome,1,found,20 Developmental anomalies,"Williams syndrome is a developmental disorder that affects many parts of the body, characterized by mild to moderate intellectual disability or learning problems."
Williams-Beuren syndrome,1,found,20 Developmental anomalies,Williams-Beuren syndrome is a developmental disorder caused by a microdeletion on chromosome 7q11.23.
X-linked Kallmann syndrome,1,not_found,"05 Endocrine, nutritional or metabolic diseases",X-linked Kallmann syndrome is a genetic disorder characterized by hypogonadotropic hypogonadism and anosmia.
X-linked agammaglobulinemia,1,found,04 Diseases of the immune system,X-linked agammaglobulinemia is an immunodeficiency disorder caused by mutations in the BTK gene.
X-linked dilated cardiomyopathy,1,found,11 Diseases of the circulatory system,X-linked dilated cardiomyopathy (XLDCM) is a clinical phenotype of dystrophinopathy characterized by preferential myocardial involvement without overt clinical signs of skeletal myopathy.
X-linked dystonia parkinsonism (XDP),1,not_found,08 Diseases of the nervous system,"X-linked dystonia-parkinsonism (XDP, DYT3) is a neurodegenerative disorder characterized by the clinical onset with dystonia followed by parkinsonism, endemic in the Philippine island of Panay."
X-linked retinitis pigmentosa 2,1,not_found,09 Diseases of the visual system,X-linked retinitis pigmentosa 2 is a form of progressive retinal degeneration caused by mutations in the RP2 gene.
acute lymphoblastic leukemia,1,found,02 Neoplasms,Acute lymphoblastic leukemia is a type of cancer of the blood and bone marrow.
acute myelogenous leukemia,1,found,02 Neoplasms,Acute myelogenous leukemia is a type of cancer of the blood and bone marrow.
acute myeloid leukemia,1,found,02 Neoplasms,Acute myeloid leukemia (AML) is a type of blood cancer.
addiction-related diseases,1,not_found,"06 Mental, behavioural or neurodevelopmental disorders","Addiction-related diseases are medical conditions associated with substance use disorders, such as those related to tobacco or alcohol."
adenocarcinoma,1,found,02 Neoplasms,Adenocarcinoma is a subtype of lung cancer studied in relation to LINE-1 methylation dynamics during therapy.
adriamycin cardiomyopathy,1,not_found,11 Diseases of the circulatory system,"Adriamycin cardiomyopathy is a lethal heart disease characterized by congestive heart failure, often caused by the chemotherapeutic agent adriamycin."
advanced gastric cancer,1,not_found,02 Neoplasms,Advanced gastric cancer (AGC) is a malignant tumor of the stomach at an advanced stage.
advanced prostate carcinoma,1,not_found,02 Neoplasms,"Advanced prostate carcinoma refers to late-stage prostate cancer, often involving metastasis."
age-associated disorders,1,not_found,others,A broad category of diseases and conditions whose prevalence increases with aging.
age-related diseases,1,found,09 Diseases of the visual system,Age-related diseases are disorders whose incidence increases with advancing age.
age-related disorders,1,not_found,others,Age-related disorders are diseases whose incidence increases with age.
age-related macular degeneration,1,found,09 Diseases of the visual system,"Age-related macular degeneration is a major cause of vision loss in older adults, involving damage to the macula of the retina."
ageing,1,found,13 Diseases of the digestive system,"Ageing is the process of becoming older, associated with a decline in physiological functions."
ageing-related diseases,1,found,09 Diseases of the visual system,Ageing-related diseases are conditions whose incidence increases with age.
aging,1,found,13 Diseases of the digestive system,"Aging is the process of becoming older, associated with a decline in biological functions and increased susceptibility to disease."
aging-related inflammation,1,not_found,others,"Aging-related inflammation refers to the chronic, low-grade inflammatory state associated with aging."
anaplastic thyroid carcinoma,1,found,02 Neoplasms,"Anaplastic thyroid carcinoma is an aggressive, dedifferentiated subtype of thyroid cancer."
anti-tuberculosis drug-induced liver injury,1,not_found,13 Diseases of the digestive system,Anti-tuberculosis drug-induced liver injury (ATDILI) is an adverse liver injury caused by anti-tuberculosis drugs.
ataxia,1,found,"21 Symptoms, signs or clinical findings, not elsewhere classified","Ataxia is a neurological sign consisting of lack of voluntary coordination of muscle movements, often associated with cerebellar dysfunction."
ataxia telangiectasia,1,found,04 Diseases of the immune system,Ataxia telangiectasia is a rare neurodegenerative disorder characterized by progressive cerebellar ataxia.
atrophic macular degeneration,1,found,09 Diseases of the visual system,Atrophic macular degeneration is a type of age-related macular degeneration characterized by the degeneration and atrophy of the retinal tissue.
autism,1,found,"06 Mental, behavioural or neurodevelopmental disorders","Autism is a neurodevelopmental disorder characterized by difficulties with social interaction and communication, and by restricted and repetitive behavior."
autoimmune blistering disease,1,not_found,14 Diseases of the skin,"Autoimmune blistering disease is a group of disorders where the immune system attacks proteins in the skin, causing blistering."
autoimmune diseases,1,found,04 Diseases of the immune system,Autoimmune diseases are conditions in which the immune system mistakenly attacks the body's own tissues.
autoimmune disorders,1,found,04 Diseases of the immune system,Autoimmune disorders are conditions where the immune system mistakenly attacks the body's own tissues.
autoinflammatory disorders,1,found,04 Diseases of the immune system,Autoinflammatory disorders are a group of diseases characterized by episodes of unprovoked inflammation due to dysregulation of the innate immune system.
beta-thalassemia,1,found,03 Diseases of the blood or blood-forming organs,beta-thalassemia is a blood disorder caused by mutations in the beta-globin gene.
bile duct carcinoma,1,found,02 Neoplasms,Bile duct carcinoma is a type of cancer that forms in the bile ducts.
biliary atresia,1,found,20 Developmental anomalies,Biliary atresia is a rare disease of the liver and bile ducts that occurs in infants.
bipolar disorder,1,found,"06 Mental, behavioural or neurodevelopmental disorders",Bipolar disorder is a mental health condition characterized by extreme mood swings that include emotional highs (mania or hypomania) and lows (depression).
bladder cancer,1,found,02 Neoplasms,Bladder cancer is a type of cancer that begins in the cells of the bladder.
brain disorders,1,found,08 Diseases of the nervous system,"A category of diseases affecting the brain, where the expression level and copy number of L1 are significantly increased."
breast cancer,1,found,02 Neoplasms,Breast cancer is a malignant tumor that develops from cells in the breast.
breast carcinoma,1,found,02 Neoplasms,Breast carcinoma is a type of cancer that forms in the cells of the breast.
breast invasive carcinoma,1,found,02 Neoplasms,Breast invasive carcinoma is a type of cancer analyzed in this study.
bronchitis,1,found,12 Diseases of the respiratory system,A chronic inflammatory lung disease.
cancer,1,found,02 Neoplasms,Cancer is a group of diseases involving abnormal cell growth with the potential to invade or spread to other parts of the body.
cancer progression,1,not_found,others,"Cancer progression refers to the advancement of cancer, including growth and metastasis."
cancers of the head and neck,1,found,02 Neoplasms,"Cancers of the head and neck are a group of malignancies that arise in the oral cavity, pharynx, larynx, nasal cavity, and salivary glands."
carcinoma,1,found,02 Neoplasms,Carcinoma is a type of cancer that begins in the epithelial tissue of the skin or internal organs.
cardiomyopathy,1,found,11 Diseases of the circulatory system,Cardiomyopathy refers to diseases of the heart muscle that make it harder for the heart to pump blood to the rest of the body.
cell transformation,1,not_found,others,"Cell transformation is the process by which normal cells acquire the properties of cancer cells, such as uncontrolled growth."
cerebral ischemia,1,found,08 Diseases of the nervous system,Cerebral ischemia is a condition where there is insufficient blood flow to the brain to meet metabolic demand.
cerebral ischemia-reperfusion injury,1,not_found,08 Diseases of the nervous system,Cerebral ischemia-reperfusion injury refers to the paradoxical exacerbation of cellular dysfunction and death following the restoration of blood flow to previously ischemic brain tissue.
cervical cancer,1,found,02 Neoplasms,Cervical cancer is a type of cancer that occurs in the cells of the cervix.
cervical malignancies,1,found,02 Neoplasms,Cervical malignancies are cancers originating in the cervix.
chemoresistance,1,not_found,others,Chemoresistance is the resistance of cancer cells to chemotherapy drugs.
chronic human illness,1,not_found,others,
chronic inflammation,1,found,12 Diseases of the respiratory system,Chronic inflammation is a prolonged and persistent inflammatory response.
chronic myeloid leukemia,1,found,02 Neoplasms,Chronic myeloid leukemia is a type of cancer of the blood cells.
clear cell ovarian carcinoma,1,found,02 Neoplasms,Clear cell ovarian carcinoma (CCOC) is a type of ovarian cancer associated with endometriosis.
clear cell renal cell carcinoma,1,not_found,02 Neoplasms,Clear cell renal cell carcinoma is the most common subtype of renal cell carcinoma.
cocaine addiction,1,found,"06 Mental, behavioural or neurodevelopmental disorders",Cocaine addiction (CA) is a substance use disorder characterized by compulsive cocaine seeking and use.
cognitive impairment,1,found,"21 Symptoms, signs or clinical findings, not elsewhere classified","Cognitive impairment refers to a decline in cognitive function, which can be associated with various neurological conditions."
colitis,1,found,"21 Symptoms, signs or clinical findings, not elsewhere classified",Inflammation of the colon.
colitis-associated cancer,1,not_found,02 Neoplasms,Cancer that develops in the context of chronic inflammation of the colon.
colon cancer,1,found,02 Neoplasms,Colon cancer is a type of cancer that begins in the large intestine (colon).
colonic adenoma,1,found,02 Neoplasms,"Colonic adenoma is a benign tumor of the colon, considered a precursor to colorectal cancer."
colorectal cancer,1,found,02 Neoplasms,Colorectal cancer is a cancer that starts in the colon or rectum.
colorectal carcinoma,1,found,02 Neoplasms,A type of cancer that occurs in the colon or rectum.
colorectal tumors,1,found,02 Neoplasms,Tumors originating in the colon or rectum.
colorectal tumours,1,found,02 Neoplasms,"Tumors arising in the colon or rectum, a type of cancer."
common diseases,1,not_found,others,Common diseases refer to prevalent health conditions affecting a significant portion of the population.
congenital thrombophilia,1,found,03 Diseases of the blood or blood-forming organs,Congenital thrombophilia refers to inherited conditions that increase the tendency to form abnormal blood clots.
cryptorchidism,1,found,20 Developmental anomalies,Cryptorchidism is a condition in which one or both testes fail to descend into the scrotum.
cutaneous T-cell lymphomas (CTCL),1,not_found,02 Neoplasms,Cutaneous T-cell lymphomas (CTCL) are a group of non-Hodgkin lymphomas that primarily affect the skin.
cutaneous melanoma,1,found,02 Neoplasms,Cutaneous melanoma is a type of skin cancer that arises from melanocytes.
cutaneous sarcoidosis,1,found,04 Diseases of the immune system,Cutaneous sarcoidosis is a form of sarcoidosis affecting the skin.
deep vein thrombosis,1,found,11 Diseases of the circulatory system,"Deep vein thrombosis is a condition where a blood clot forms in a deep vein, usually in the leg."
dermatomyositis,1,found,04 Diseases of the immune system,Dermatomyositis is a systemic autoimmune disease characterized by muscle weakness and skin rash.
developmental disorders,1,found,"06 Mental, behavioural or neurodevelopmental disorders","Developmental disorders are a group of conditions that affect physical, learning, language, or behavioral development."
diabetes mellitus,1,found,"05 Endocrine, nutritional or metabolic diseases",Diabetes mellitus (DM) is a metabolic disease characterized by high blood sugar levels.
disease,1,found,15 Diseases of the musculoskeletal system or connective tissue,"Disease refers to pathological conditions, with 96 instances caused by retrotransposon insertions."
disease-causing insertions,1,not_found,others,Disease-causing insertions refer to genetic disorders resulting from the insertion of transposable elements into functional genomic regions.
diseases of cardiovascular system,1,found,11 Diseases of the circulatory system,Diseases of the cardiovascular system include conditions affecting the heart and blood vessels.
diseases of reproductive systems,1,not_found,16 Diseases of the genitourinary system,Diseases of the reproductive systems encompass disorders affecting male and female reproductive organs and functions.
diseases of visual system dysfunction,1,not_found,09 Diseases of the visual system,A broad category of disorders affecting the visual system.
disturbed spermatogenesis,1,not_found,16 Diseases of the genitourinary system,Disturbed spermatogenesis refers to abnormal or impaired sperm production.
drug addiction,1,found,"21 Symptoms, signs or clinical findings, not elsewhere classified","Drug addiction is a chronic, relapsing disorder characterized by compulsive drug seeking and use despite harmful consequences."
drug tolerance,1,not_found,others,"Drug tolerance is a state of reduced responsiveness to a drug following repeated exposure, requiring higher doses to achieve the same effect."
ductal adenocarcinoma of the breast,1,found,02 Neoplasms,Ductal adenocarcinoma of the breast is a type of breast cancer that originates in the milk ducts.
dysplasia,1,found,15 Diseases of the musculoskeletal system or connective tissue,"Dysplasia is an abnormal growth or development of cells, often considered a pre-cancerous condition."
early spontaneous abortion,1,not_found,"18 Pregnancy, childbirth or the puerperium",Early spontaneous miscarriage refers to pregnancy loss occurring in the early stages of gestation.
embryonal carcinoma,1,found,02 Neoplasms,Embryonal carcinoma is a type of malignant germ cell tumor.
emotional disorders,1,not_found,"06 Mental, behavioural or neurodevelopmental disorders",Emotional disorders are a type of neurological condition for which LINE-1 has implications.
endometrial cancer,1,found,02 Neoplasms,Endometrial cancer is a type of cancer that begins in the lining of the uterus (endometrium).
endometrial malignancies,1,found,02 Neoplasms,Endometrial malignancies are cancers originating in the lining of the uterus.
endometrial tumor,1,found,02 Neoplasms,A type of cancer that forms in the tissue lining the uterus (endometrium).
endometrioid ovarian carcinoma,1,found,02 Neoplasms,Endometrioid ovarian carcinoma (ENOC) is a type of ovarian cancer associated with endometriosis.
endometriosis associated ovarian cancers,1,not_found,02 Neoplasms,"Endometriosis associated ovarian cancers (EAOC) include endometrioid and clear cell ovarian carcinomas that share a common precursor lesion, endometriosis."
epilepsy,1,found,08 Diseases of the nervous system,Epilepsy is a neurological disorder characterized by recurrent seizures.
epithelial cancers,1,found,02 Neoplasms,"Epithelial cancers are malignancies arising from epithelial tissues, where somatic L1 retrotransposition activity has been observed."
epithelial tumors,1,found,02 Neoplasms,"Tumors originating from epithelial cells, in which LINE-1s are highly active."
esophageal adenocarcinoma,1,found,02 Neoplasms,Esophageal adenocarcinoma is a type of cancer that forms in the glandular cells of the esophagus.
esophageal cancer,1,found,02 Neoplasms,Esophageal cancer is a type of upper gastrointestinal cancer.
esophageal tumors,2,not_found,02 Neoplasms,Tumors originating in the esophagus.
familial colorectal cancer type X,1,not_found,02 Neoplasms,Familial colorectal cancer type X (FCCX) is a condition characterized by a family history of colorectal cancer but without the mismatch repair defects seen in Lynch syndrome.
frontotemporal degeneration,1,found,08 Diseases of the nervous system,Frontotemporal degeneration is a group of disorders caused by progressive nerve cell loss in the brain's frontal or temporal lobes.
gastric cancer,1,found,02 Neoplasms,Gastric cancer is a cancer that begins in the stomach.
gastric signet-ring cell carcinoma,1,not_found,02 Neoplasms,Gastric signet-ring cell carcinoma is a subtype of gastric cancer characterized by cells with abundant mucin pushing the nucleus to the periphery.
gastroesophageal cancers,1,found,02 Neoplasms,Gastroesophageal cancers are cancers that occur in the gastroesophageal junction or the esophagus.
gastrointestinal cancer,1,found,02 Neoplasms,"Gastrointestinal (GI) cancer refers to cancers of the digestive system, including colorectal, pancreatic, and gastric cancers."
gastrointestinal tumors,1,found,02 Neoplasms,"Gastrointestinal tumors are cancers that occur in the digestive system, including the colon and rectum."
genetic disease,1,found,08 Diseases of the nervous system,Genetic diseases are disorders caused by abnormalities in an individual's genome.
genomic disease,1,not_found,others,"Genomic disorders are a class of genetic diseases caused by structural variations in the genome, often mediated by segmental duplications or repetitive elements."
geographic atrophy,1,found,09 Diseases of the visual system,Geographic atrophy is an advanced form of age-related macular degeneration characterized by progressive loss of retinal pigmented epithelium and photoreceptors.
germ cell cancer,1,found,02 Neoplasms,"A type of cancer that originates from germ cells, which are the cells that give rise to sperm and eggs."
glaucoma,1,found,09 Diseases of the visual system,"A group of eye conditions that damage the optic nerve, often associated with increased pressure in the eye."
gynecologic cancers,1,not_found,02 Neoplasms,"A broad category of cancers affecting the female reproductive system, including ovarian and endometrial cancers."
gynecologic tumors,1,found,02 Neoplasms,Gynecologic tumors are cancers that affect the female reproductive system.
haematological malignancies,1,found,02 Neoplasms,"Haematological malignancies are cancers that affect the blood, bone marrow, and lymph nodes."
head and neck cancer,1,found,02 Neoplasms,"Head and neck cancer is a group of cancers that start in the mouth, nose, throat, larynx, sinuses, or salivary glands."
hemoglobinopathies,1,found,03 Diseases of the blood or blood-forming organs,Hemoglobinopathies are a group of inherited disorders affecting the structure or production of hemoglobin.
hemophilia,1,found,03 Diseases of the blood or blood-forming organs,Hemophilia is a group of inherited bleeding disorders in which the blood does not clot properly.
hereditary breast and ovarian cancer syndrome,1,found,02 Neoplasms,"Hereditary breast and ovarian cancer syndrome is an inherited condition that significantly increases the risk of developing breast and ovarian cancers, often associated with mutations in genes like BRCA1 and BRCA2."
hereditary diseases,1,found,08 Diseases of the nervous system,Many hereditary diseases are involved in pathogenesis affected by retrotransposition.
hereditary neuropathy with liability to pressure palsies,1,found,08 Diseases of the nervous system,Hereditary neuropathy with liability to pressure palsies (HNPP) is an inherited peripheral neuropathy caused by misalignment between the two elements of the CMT1A-REP binary repeat on chromosome 17p11.2-p12.
high blood pressure,1,found,11 Diseases of the circulatory system,High blood pressure (hypertension) is a condition in which the force of the blood against the artery walls is too high.
high-grade ovarian serous carcinoma,1,found,02 Neoplasms,High-grade ovarian serous carcinoma is a type of ovarian cancer.
high-grade serous ovarian carcinoma,1,found,02 Neoplasms,High-grade serous ovarian carcinoma (HGSOC) is the most common and aggressive subtype of ovarian cancer.
human cancer,1,found,01 Certain infectious or parasitic diseases,Human cancer is a disease characterized by uncontrolled cell growth and tumor formation.
human disease,1,found,08 Diseases of the nervous system,"Human diseases can be caused by mutations, including those attributable to retrotransposable elements."
human disorders,1,found,08 Diseases of the nervous system,Human disorders are conditions that can be caused or influenced by the mobilization of retrotransposons in the genome.
human genetic disease,1,not_found,others,Genetic diseases that are passed down from parents to offspring.
human lung cancer,1,not_found,02 Neoplasms,Human lung cancer is a malignant tumor that begins in the cells of the lungs.
human neoplasms,1,found,01 Certain infectious or parasitic diseases,"Human neoplasms refer to abnormal growths of tissue, which can be benign or malignant (cancerous)."
human ovarian carcinomas,1,not_found,02 Neoplasms,Human ovarian carcinomas are malignant tumors of the ovary.
human pathogenesis,1,not_found,other,Human pathogenesis refers to the process by which a disease develops in humans.
human retroelement insertion-induced disease,1,not_found,others,A category of human diseases caused by the insertion of retrotransposable elements into the genome.
human tumors,1,found,01 Certain infectious or parasitic diseases,Human tumors are abnormal growths of tissue that can be benign or malignant (cancerous).
hydrocephalus,1,found,08 Diseases of the nervous system,Hydrocephalus is a condition characterized by an abnormal accumulation of cerebrospinal fluid in the brain.
hypercholesterolemia,1,found,"05 Endocrine, nutritional or metabolic diseases",Hypercholesterolemia is a condition characterized by high levels of cholesterol in the blood.
hypospermatogenesis,1,found,16 Diseases of the genitourinary system,Hypospermatogenesis is a condition characterized by reduced sperm production in the testes.
idiopathic temporal lobe epilepsy,1,not_found,08 Diseases of the nervous system,"Idiopathic temporal lobe epilepsy (TLE) is a form of epilepsy with seizures originating in the temporal lobe, without a known structural cause."
ileal carcinoid,1,found,02 Neoplasms,Ileal carcinoid is a type of neuroendocrine tumor originating in the ileum.
infertility,1,found,16 Diseases of the genitourinary system,Infertility is a disease characterized by the inability to achieve pregnancy after regular unprotected sexual intercourse.
infiltrating ductal carcinoma,1,found,02 Neoplasms,Infiltrating ductal carcinoma is the most common type of invasive breast cancer.
inflammation,1,found,15 Diseases of the musculoskeletal system or connective tissue,Inflammation is a biological response of the immune system to harmful stimuli.
inherited disease,1,found,"05 Endocrine, nutritional or metabolic diseases",Inherited disease refers to genetic disorders passed from parents to offspring.
insertional mutagenesis,1,not_found,other,"Insertional mutagenesis is a process where the insertion of genetic material disrupts gene function, potentially leading to disease."
intestinal-type adenocarcinoma,1,found,02 Neoplasms,Intestinal-type adenocarcinoma is a common subtype of gastric cancer with glandular formation.
kidney cancer,1,found,02 Neoplasms,Kidney cancer is a type of epithelial cancer of the kidney.
laminopathies,1,found,"05 Endocrine, nutritional or metabolic diseases",Laminopathies are a group of rare genetic disorders caused by mutations in genes encoding nuclear lamins or lamin-associated proteins.
late-onset Alzheimer's disease,1,found,"06 Mental, behavioural or neurodevelopmental disorders",Late-onset Alzheimer's disease (LOAD) is an age-related neurodegenerative disorder.
leukemia,1,found,02 Neoplasms,Leukemia is a group of cancers that usually begin in the bone marrow and result in high numbers of abnormal white blood cells.
lichen simplex chronicus,1,found,14 Diseases of the skin,"Lichen simplex chronicus (LSC) is a chronic skin condition characterized by thickened, leathery skin due to repeated scratching or rubbing."
liver cancer,1,found,02 Neoplasms,Liver cancer is a cancer that begins in the cells of the liver.
lung adenocarcinoma,1,found,02 Neoplasms,Lung adenocarcinoma (LUAD) is a type of non-small cell lung cancer that originates in the glandular cells of the lung.
lung cancer,1,found,02 Neoplasms,Lung cancer is a malignant tumor that begins in the cells of the lungs.
lung carcinoma,1,found,02 Neoplasms,Lung carcinoma is a type of cancer that begins in the lungs.
lung metastatic melanoma,1,not_found,02 Neoplasms,Lung metastatic melanoma is a cancer that has spread from the skin to the lungs.
lung neoplasia,1,found,02 Neoplasms,"Lung neoplasia refers to the formation of new, abnormal tissue growth in the lung."
lung squamous cell carcinoma,1,found,02 Neoplasms,Lung Squamous Cell Carcinoma.
major depression,1,found,"06 Mental, behavioural or neurodevelopmental disorders","Major depression is a common and serious mood disorder that causes severe symptoms affecting how you feel, think, and handle daily activities."
major depression disorder,1,found,"06 Mental, behavioural or neurodevelopmental disorders",Major depression disorder is a neurological disorder.
major depressive disorder,1,found,"06 Mental, behavioural or neurodevelopmental disorders",Major depressive disorder (MDD) is a neurological disorder.
malignancy,1,found,02 Neoplasms,The presence of cancerous cells that have the potential to invade and spread.
malignant transformation,1,found,02 Neoplasms,"Malignant transformation is the process by which cells acquire the properties of cancer, such as uncontrolled growth, invasion, and metastasis."
mammalian aging,1,not_found,others,Mammalian aging refers to the complex biological process of functional decline over time in mammals.
melanoma,1,found,02 Neoplasms,Melanoma is a type of skin cancer that develops from pigment-producing cells known as melanocytes.
mental disorders,1,found,"06 Mental, behavioural or neurodevelopmental disorders","Mental disorders are a broad category of illnesses that affect mood, thinking, and behavior."
metabolic disease,1,found,"05 Endocrine, nutritional or metabolic diseases",Metabolic disease refers to a class of disorders affecting the body's metabolism.
metastatic peritoneal carcinoma,1,not_found,02 Neoplasms,"Metastatic peritoneal carcinoma refers to cancer that has spread to the peritoneum, the lining of the abdominal cavity."
microcephaly,1,found,20 Developmental anomalies,Microcephaly is a neurodevelopmental disorder characterized by a smaller than average head size.
more than 100 different diseases,1,not_found,others,The Major Histocompatibility Complex (MHC) class I region is strongly associated with more than 100 different diseases.
mosaic variegated aneuploidy (MVA) syndrome,1,not_found,20 Developmental anomalies,
multiple myeloma,1,found,02 Neoplasms,"Multiple myeloma is a cancer of plasma cells, a type of white blood cell."
muscle-invasive bladder cancer,1,not_found,02 Neoplasms,Muscle-invasive bladder cancer (MIBC) is an aggressive form of bladder cancer.
muscular dystrophy,1,found,08 Diseases of the nervous system,A group of genetic diseases characterized by progressive weakness and loss of muscle mass.
myelodysplastic syndromes,1,found,02 Neoplasms,Myelodysplastic syndromes are a group of disorders caused by poorly formed or dysfunctional blood cells.
myeloid leukemia,1,found,02 Neoplasms,Myeloid leukemia is a type of leukemia affecting myeloid cells.
myeloid malignancies,1,not_found,02 Neoplasms,"Myeloid malignancies are a group of cancers that affect the blood, bone marrow, and lymph nodes, originating from myeloid cells."
myeloid tumors,1,found,02 Neoplasms,Myeloid tumors are cancers arising from myeloid cells in the bone marrow.
myeloma,1,found,02 Neoplasms,"Myeloma is a cancer of plasma cells, a type of white blood cell."
neoplasia,1,found,02 Neoplasms,"Neoplasia refers to the process of abnormal and uncontrolled cell growth, which can lead to the formation of a neoplasm or tumor."
neural tube defect,1,found,20 Developmental anomalies,Neural tube defect (NTD) is a congenital malformation of the brain and spinal cord.
neuroblastoma,1,found,02 Neoplasms,Neuroblastoma is a type of cancer that develops from immature nerve cells.
neurodegeneration,1,found,"05 Endocrine, nutritional or metabolic diseases","Neurodegeneration is the progressive loss of structure or function of neurons, including neuronal death."
neurodegenerative diseases of the motor neuron,1,not_found,08 Diseases of the nervous system,A group of diseases characterized by the progressive degeneration of motor neurons.
neurodevelopmental disorder,1,found,"06 Mental, behavioural or neurodevelopmental disorders","Neurodevelopmental disorders are a group of conditions with onset in the developmental period, characterized by deficits in personal, social, academic, or occupational functioning."
neurofibromatosis,1,found,20 Developmental anomalies,Neurofibromatosis is a genetic disorder that causes tumors to form on nerve tissue.
neurogenetic disease,1,not_found,others,
neurological conditions,1,found,14 Diseases of the skin,"Disorders affecting the brain, spinal cord, and nerves."
neurological disease,1,found,04 Diseases of the immune system,"Neurological diseases are disorders that affect the brain, spinal cord, and nerves."
neurological disorders,1,found,"06 Mental, behavioural or neurodevelopmental disorders",Neurological disorders are diseases of the central and peripheral nervous system.
neuropsychiatric disorders,1,found,08 Diseases of the nervous system,"Neuropsychiatric disorders are a class of mental disorders that involve disturbances in brain function affecting emotion, learning, memory, and behavior."
neutral lipid storage disease,1,found,"05 Endocrine, nutritional or metabolic diseases",Neutral lipid storage disease is a disorder characterized by the abnormal accumulation of triglycerides in cells.
non-obstructive azoospermia,1,not_found,16 Diseases of the genitourinary system,Non-obstructive azoospermia is a condition with no sperm in the ejaculate due to spermatogenic failure.
non-small cell lung cancer,1,found,02 Neoplasms,Non-small cell lung cancer (NSCLC) is a major type of lung cancer.
non-small-cell lung carcinoma,1,found,02 Neoplasms,"Non-small-cell lung carcinoma (NSCLC) is a type of lung cancer that includes adenocarcinoma, squamous cell carcinoma, and large cell carcinoma."
oncogenesis,1,not_found,others,"Oncogenesis is the process of tumor formation, often involving genetic alterations."
oncological diseases,1,not_found,02 Neoplasms,A broad category of diseases involving abnormal cell growth with the potential to invade or spread to other parts of the body.
ovarian cancer,1,found,02 Neoplasms,Ovarian cancer is a type of cancer that forms in the ovaries.
ovarian immature teratoma,1,found,02 Neoplasms,Ovarian immature teratoma is a type of germ cell tumor of the ovary.
ovarian malignancies,1,found,02 Neoplasms,Ovarian malignancies are cancers originating in the ovaries.
ovarian tumor,2,not_found,02 Neoplasms,A type of cancer that forms in the tissues of the ovary.
pancreatic cancer,1,found,02 Neoplasms,Pancreatic cancer is a disease in which malignant (cancerous) cells form in the tissues of the pancreas.
pancreatic carcinoma,1,found,02 Neoplasms,Pancreatic carcinoma is a malignant tumor originating in the pancreas.
pancreatic ductal adenocarcinoma,1,found,02 Neoplasms,Pancreatic ductal adenocarcinoma (PDAC) is a common and aggressive type of pancreatic cancer.
pancreatic neuroendocrine tumor,1,not_found,02 Neoplasms,Pancreatic neuroendocrine tumor is a rare type of cancer that forms in the hormone-producing cells of the pancreas.
pediatric germ cell tumors,2,not_found,02 Neoplasms,"Pediatric germ cell tumors are a type of cancer that occurs in children, including testicular, ovarian, and extragonadal tumors."
pediatric malignant germ cell tumor,2,not_found,02 Neoplasms,Pediatric malignant germ cell tumor (MGCT) is a type of cancer that arises from germ cells in children.
pediatric systemic lupus erythematosus,1,not_found,04 Diseases of the immune system,Pediatric systemic lupus erythematosus (pSLE) is the onset of SLE in children and adolescents.
pineoblastomas,1,found,02 Neoplasms,Pineoblastomas are malignant embryonal tumors arising in the pineal gland.
post-traumatic stress disorder,1,found,"06 Mental, behavioural or neurodevelopmental disorders",Post-traumatic stress disorder is a neurological disorder.
pre-B ALL,1,found,02 Neoplasms,pre-B cell acute lymphoblastic leukemia (pre-B ALL) is a type of leukemia that affects B-cell precursors.
pre-symptomatic dementia (PSD),1,not_found,"06 Mental, behavioural or neurodevelopmental disorders",Pre-symptomatic dementia refers to the stage of cognitive decline before the onset of overt clinical symptoms.
pregnancy complications,1,found,"18 Pregnancy, childbirth or the puerperium",Pregnancy complications are health problems that occur during pregnancy.
premature aging syndromes,1,found,20 Developmental anomalies,Premature aging syndromes are genetic disorders characterized by accelerated aging phenotypes.
premature chromatid separation (PCS),1,not_found,other,"A genetic disorder characterized by premature separation of sister chromatids and mosaic aneuploidy, often associated with BUB1B gene mutations."
primary carcinomas,1,found,02 Neoplasms,Primary carcinomas are malignant tumors originating from epithelial cells in various tissues.
progressive supranuclear palsy,1,found,08 Diseases of the nervous system,Progressive supranuclear palsy is a neurodegenerative disease and a type of tauopathy.
prostate cancer,1,found,02 Neoplasms,Prostate cancer is a cancer that occurs in the prostate gland.
prostate carcinoma,1,found,02 Neoplasms,Prostate carcinoma (PCa) is a malignant tumor of the prostate gland.
prostate tumor,2,not_found,02 Neoplasms,A type of cancer that forms in the tissues of the prostate gland.
psychiatric disorders,1,found,"06 Mental, behavioural or neurodevelopmental disorders","A broad category of mental health conditions that affect mood, thinking, and behavior."
psychological disorders,1,found,"06 Mental, behavioural or neurodevelopmental disorders","Psychological disorders are mental health conditions characterized by abnormal thoughts, feelings, and behaviors."
pyruvate dehydrogenase complex deficiency,1,found,"05 Endocrine, nutritional or metabolic diseases",Pyruvate dehydrogenase complex (PDHc) deficiency is a genetic disorder affecting energy metabolism.
radiation-associated tumors,1,not_found,02 Neoplasms,Radiation-associated tumors are neoplasms that develop as a consequence of prior radiation therapy.
refractory Philadelphia chromosome-positive acute lymphoblastic leukemia,1,not_found,02 Neoplasms,"Refractory Philadelphia chromosome-positive acute lymphoblastic leukemia refers to Ph(+)ALL that is resistant to standard treatments, including tyrosine kinase inhibitors."
relapsing-remitting multiple sclerosis,1,found,08 Diseases of the nervous system,Relapsing-remitting multiple sclerosis (RRMS) is a form of multiple sclerosis characterized by clearly defined attacks of new or increasing neurologic symptoms.
renal cancer,1,found,02 Neoplasms,Renal cancer is a type of cancer that begins in the kidneys.
renal carcinoma,1,found,02 Neoplasms,Renal carcinoma (RCC) is a type of kidney cancer that originates in the lining of the proximal convoluted tubule.
renal cell carcinoma,1,found,02 Neoplasms,Renal cell carcinoma is a type of kidney cancer that originates in the lining of the proximal convoluted tubule.
repeat expansion diseases,1,not_found,others,Repeat expansion diseases are a class of disorders characterized by the instability of causative repeat mutations.
retinal degenerations,1,found,09 Diseases of the visual system,A group of eye diseases characterized by the progressive loss of retinal cells.
retinitis pigmentosa-2,1,not_found,09 Diseases of the visual system,"Retinitis pigmentosa-2 is a form of retinitis pigmentosa, a group of inherited retinal degenerative diseases."
retinitis punctata albescens,1,found,09 Diseases of the visual system,A form of retinitis pigmentosa characterized by white dots in the retina.
sarcoid myopathy,1,found,04 Diseases of the immune system,Sarcoid myopathy is a muscle disease associated with sarcoidosis.
sarcoidosis,1,found,04 Diseases of the immune system,Sarcoidosis is a systemic inflammatory disease characterized by the formation of non-caseous granulomas.
schizophrenia,1,found,"06 Mental, behavioural or neurodevelopmental disorders","Schizophrenia is a chronic mental disorder characterized by distortions in thinking, perception, emotions, language, sense of self, and behavior."
secondary malignancies,1,found,02 Neoplasms,"Secondary malignancies are cancers that develop in patients exposed to genotoxic agents, such as during cancer therapy."
senescence-associated diseases,1,not_found,others,A class of diseases associated with cellular senescence.
serous tubal intraepithelial carcinoma (STIC),1,not_found,02 Neoplasms,"Precursor lesions found in the fallopian tubes, often associated with high-grade serous ovarian cancer."
sickle cell disease,1,found,03 Diseases of the blood or blood-forming organs,Sickle cell disease is a genetic blood disorder characterized by abnormal hemoglobin and sickle-shaped red blood cells.
single-gene disease,1,not_found,others,Monogenic diseases are disorders caused by mutations in a single gene.
skin cancer,1,found,02 Neoplasms,Skin cancer is a disease characterized by the uncontrolled growth of abnormal skin cells.
skin tumor,1,found,02 Neoplasms,"Skin tumors induced by 7,12-dimethylbenz[a]anthracene (DMBA) plus 12-O-tetradecanoylphorbol-13-acetate (TPA) in a multistep carcinogenesis model."
solid cancers,1,not_found,02 Neoplasms,"Solid cancers are a broad category of malignancies characterized by the formation of solid tumors, as opposed to liquid cancers like leukemias."
solid tumors,1,found,02 Neoplasms,Solid tumors are abnormal masses of tissue that usually do not contain cysts or liquid areas.
spinocerebellar ataxia type 12,1,found,08 Diseases of the nervous system,Spinocerebellar ataxia type 12 (SCA12) is a neurodegenerative disorder caused by an expanded CAG repeat in the PPP2R2B gene.
sporadic diseases,1,found,08 Diseases of the nervous system,Sporadic diseases are caused by LINE-1 insertion into new genomic loci.
sporadic genetic diseases,1,not_found,others,"Sporadic genetic diseases are genetic disorders that occur in individuals with no family history of the condition, often due to de novo mutations."
squamous cell carcinoma,1,found,02 Neoplasms,Squamous cell carcinoma is a subtype of non-small cell lung cancer.
squamous cell lung cancer,1,found,02 Neoplasms,Squamous cell lung cancer is a subtype of lung cancer where the association between LINE-1 methylation levels and antitumor therapy effect was more pronounced.
stomach cancer,1,found,02 Neoplasms,Stomach cancer is a malignant neoplasm originating from the stomach.
stomach tumors,2,not_found,02 Neoplasms,Tumors originating in the stomach.
systemic autoimmune disease,1,found,04 Diseases of the immune system,Systemic autoimmune diseases are conditions where the immune system mistakenly attacks the body's own tissues.
teratoma,1,found,02 Neoplasms,Teratoma is a type of tumor that can contain several different types of tissue.
testicular germ cell tumors,1,found,02 Neoplasms,Testicular germ cell tumors are cancers that develop in the testicles.
testicular germ cell tumours,1,found,02 Neoplasms,Testicular germ cell tumours (TGCTs) are cancers that develop from germ cells in the testis.
thyroid cancer,1,found,02 Neoplasms,Thyroid cancer is a cancer that starts in the thyroid gland.
tonsillar carcinoma,1,found,02 Neoplasms,Tonsillar carcinoma is a type of cancer that originates in the tonsils.
transitional cell carcinoma,1,found,02 Neoplasms,"Transitional cell carcinoma (TCC) is a type of cancer that arises from the transitional epithelium, commonly found in the bladder."
tropical spastic paraparesis (TSP),1,not_found,08 Diseases of the nervous system,
tuberous sclerosis,1,found,20 Developmental anomalies,Tuberous sclerosis is a neurodevelopmental disorder.
tumor,1,found,02 Neoplasms,Tumor refers to an abnormal mass of tissue resulting from uncontrolled cell growth.
tumor diseases,1,found,02 Neoplasms,Tumor diseases refer to various types of cancers or neoplasms.
tumor progression,1,not_found,others,"Tumor progression refers to the process by which a tumor grows, invades surrounding tissues, and potentially metastasizes."
tumorigenesis,1,not_found,others,Tumorigenesis is the process by which normal cells are transformed into cancer cells.
type 2 diabetes (T2D),1,not_found,"05 Endocrine, nutritional or metabolic diseases",Type 2 diabetes is a chronic metabolic disorder characterized by insulin resistance and relative insulin deficiency.
type 2 diabetes mellitus,1,found,"05 Endocrine, nutritional or metabolic diseases",Type 2 diabetes mellitus (T2DM) is a chronic metabolic disorder characterized by insulin resistance and relative insulin deficiency.
ulcerative colitis,1,found,13 Diseases of the digestive system,Ulcerative colitis is an inflammatory bowel disease that causes inflammation and ulcers in the digestive tract.
upper gastrointestinal cancer,1,not_found,02 Neoplasms,Upper gastrointestinal cancer includes esophageal and gastric cancers.
uveal melanoma,1,not_found,02 Neoplasms,Uveal melanoma is a type of cancer that forms in the eye's uvea.
various severe diseases,1,not_found,others,Various severe diseases can be caused by LINE-1 retrotransposition.
well-differentiated liposarcoma,1,not_found,02 Neoplasms,"Well-differentiated liposarcoma is the most common subtype of liposarcoma, a soft tissue sarcoma."
xeroderma pigmentosum,1,found,20 Developmental anomalies,Xeroderma pigmentosum is a DNA repair-deficiency disorder characterized by extreme sensitivity to ultraviolet light and a high risk of skin cancer.
yolk sac tumor,3,not_found,02 Neoplasms | Neoplasms of central nervous system or related structures,Yolk sac tumor is a type of malignant germ cell tumor.
α-1 antitrypsin deficiency,1,not_found,"05 Endocrine, nutritional or metabolic diseases",α-1 antitrypsin deficiency is a genetic disorder caused by mutations in the SERPINA1 gene.
β-thalassemia,1,not_found,03 Diseases of the blood or blood-forming organs,"β-thalassemia is one of the most common genetic diseases worldwide, caused by mutations in the human hemoglobin beta (HBB) gene."
