Disease,Empty_1,Category_1,Category_2,Empty_4,Empty_5,Empty_6,,,Description,
Influenza A virus infection,1E30 Influenza due to identified seasonal influenza virus,Influenza,01 Certain infectious or parasitic diseases,,,,,,Infection caused by the influenza A virus.,
SARS-CoV-2 infection,Etiological description,non-disease state,other,,,,,,,
Long COVID-19,RA02 Post COVID-19 condition,International provisional assignment of new diseases of uncertain aetiology and emergency use,25 Codes for special purposes,,,,,,Long COVID-19 is a post-infectious condition characterized by a group of severe neuro- and cardiovascular disorders following SARS-CoV-2 infection.,
Androgen Insensitivity Syndrome (AIS),"LD2A.4 46,XY disorder of sex development due to androgen resistance",LD2A Malformative disorders of sex development,Multiple developmental anomalies or syndromes,20 Developmental anomalies,,,,,"Androgen Insensitivity Syndrome is the most common cause of disorders of sex development in 46,XY individuals, resulting from impaired function of the androgen receptor.",
Chromothripsis,Genomic event,non-disease state,other,,,,,,Chromothripsis is a phenomenon where multiple localized double-stranded DNA breaks result in complex genomic rearrangements.,
Hutchinson-Gilford progeria syndrome,LD2B Syndromes with premature ageing appearance as a major feature,Multiple developmental anomalies or syndromes,20 Developmental anomalies,,,,,,"A rare genetic disorder characterized by accelerated aging, caused by mutations leading to progerin expression.",
Kagami-Ogata syndrome,LD45.1 Uniparental disomies of paternal origin,LD45 Uniparental disomies,"Chromosomal anomalies, excluding gene mutations",20 Developmental anomalies,,,,,Kagami-Ogata syndrome is a genomic imprinting disease caused by paternal duplication of human chromosome 14.,
NF1 deletion,Genomic event,non-disease state,other,,,,,,"NF1 deletion refers to large genomic copy number changes involving the NF1 gene, which can cause neurofibromatosis type 1.",
NF1 mutations,Genomic event,non-disease state,other,,,,,,"Mutations in the NF1 gene, which can cause neurofibromatosis type 1, an inherited disorder.",
Partial Androgen Insensitivity Syndrome (PAIS),"LD2A.4 46,XY disorder of sex development due to androgen resistance",LD2A Malformative disorders of sex development,Multiple developmental anomalies or syndromes,20 Developmental anomalies,,,,,"Partial Androgen Insensitivity Syndrome is a disorder of sex development in 46,XY individuals characterized by undervirilization of external genitalia due to impaired androgen receptor function.",
premature chromatid separation (PCS),Genomic event,phenotype,other,,,,,,"A genetic disorder characterized by premature separation of sister chromatids and mosaic aneuploidy, often associated with BUB1B gene mutations.",
mosaic variegated aneuploidy (MVA) syndrome,"LD7Y Other specified chromosomal anomalies, excluding gene mutations",Sex chromosome anomalies,"Chromosomal anomalies, excluding gene mutations",20 Developmental anomalies,,,,,,
Temple syndrome,LD2Y Other specified multiple developmental anomalies or syndromes,Multiple developmental anomalies or syndromes,20 Developmental anomalies,,,,,,Temple syndrome is a genomic imprinting disease caused by maternal duplication of human chromosome 14.,
Duchenne muscular dystrophy (DMD),8C70.1 Duchenne muscular dystrophy,8C70 Muscular dystrophy,Primary disorders of muscles,Diseases of neuromuscular junction or muscle,08 Diseases of the nervous system,,,,Duchenne/Becker muscular dystrophy (DMD/BMD) is a genetic disorder caused by mutations in the dystrophin gene.,
Becker muscular dystrophy (BMD),8C70.0 Becker muscular dystrophy,8C70 Muscular dystrophy,Primary disorders of muscles,Diseases of neuromuscular junction or muscle,08 Diseases of the nervous system,,,,,
Fanconi anemia neuroinflammatory syndrome (FANS),3A70.0 Congenital aplastic anaemia,3A70 Aplastic anaemia,Anaemias or other erythrocyte disorders,03 Diseases of the blood or blood-forming organs,,,,,Fanconi anemia neuroinflammatory syndrome is a neuroinflammatory condition associated with Fanconi anemia.,
β-thalassemia,3A50.2 Beta thalassaemia,3A50 Thalassaemias,Anaemias or other erythrocyte disorders,03 Diseases of the blood or blood-forming organs,,,,,"β-thalassemia is one of the most common genetic diseases worldwide, caused by mutations in the human hemoglobin beta (HBB) gene.",
adriamycin cardiomyopathy,BC43.00 Familial-genetic dilated cardiomyopathy,BC43.0 Dilated cardiomyopathy,BC43 Cardiomyopathy,Diseases of the myocardium or cardiac chambers,11 Diseases of the circulatory system,,,,"Adriamycin cardiomyopathy is a lethal heart disease characterized by congestive heart failure, often caused by the chemotherapeutic agent adriamycin.",
Alcohol-related liver disease,DB94 Alcoholic liver disease,Diseases of liver,13 Diseases of the digestive system,,,,,,Liver disease caused by alcohol consumption.,
common diseases,nonspecific,disease,others,,,,,,Common diseases refer to prevalent health conditions affecting a significant portion of the population.,
Metabolic dysfunction-associated steatotic liver disease,DB92 Non-alcoholic fatty liver disease,Diseases of liver,13 Diseases of the digestive system,,,,,,A liver disease characterized by steatosis associated with metabolic dysfunction.,
Asthenozoospermia,GB04.Y Other specified male infertility,GB04 Male infertility,Diseases of the male genital system,16 Diseases of the genitourinary system,,,,,"Asthenozoospermia is a condition characterized by reduced sperm motility, often associated with male infertility.",
Azoospermia with meiotic arrest,GB04.0 Azoospermia,GB04 Male infertility,Diseases of the male genital system,16 Diseases of the genitourinary system,,,,,A condition characterized by the absence of sperm in semen due to a halt in the meiotic process during spermatogenesis.,
diseases of reproductive systems,16 Diseases of the genitourinary system,,,,,,,,Diseases of the reproductive systems encompass disorders affecting male and female reproductive organs and functions.,
disturbed spermatogenesis,GB04 Male infertility,Diseases of the male genital system,16 Diseases of the genitourinary system,,,,,,Disturbed spermatogenesis refers to abnormal or impaired sperm production.,
Human male infertility,GB04 Male infertility,Diseases of the male genital system,16 Diseases of the genitourinary system,,,,,,Human male infertility is a condition characterized by the inability to achieve pregnancy due to impaired spermatogenesis.,
non-obstructive azoospermia,GB04.0 Azoospermia,GB04 Male infertility,Diseases of the male genital system,16 Diseases of the genitourinary system,,,,,Non-obstructive azoospermia is a condition with no sperm in the ejaculate due to spermatogenic failure.,
Oligozoospermia,GB04.Y Other specified male infertility,GB04 Male infertility,Diseases of the male genital system,16 Diseases of the genitourinary system,,,,,"Oligozoospermia is a condition characterized by a low sperm count in semen, often associated with male infertility.",
Recurrent pregnancy loss (RPL),GA33 Recurrent pregnancy loss,Diseases of the female genital system,16 Diseases of the genitourinary system,,,,,,Recurrent pregnancy loss (RPL) refers to the experience of multiple consecutive spontaneous abortions.,
anti-tuberculosis drug-induced liver injury,DB95 Drug-induced or toxic liver disease,Diseases of liver,13 Diseases of the digestive system,,,,,,Anti-tuberculosis drug-induced liver injury (ATDILI) is an adverse liver injury caused by anti-tuberculosis drugs.,
pediatric systemic lupus erythematosus,4A40.0Y Other specified systemic lupus erythematosus,4A40.0 Systemic lupus erythematosus,4A40 Lupus erythematosus,Nonorgan specific systemic autoimmune disorders,04 Diseases of the immune system,,,,Pediatric systemic lupus erythematosus (pSLE) is the onset of SLE in children and adolescents.,
ALS with other neurological disorder,8B60.0 Amyotrophic lateral sclerosis,8B60 Motor neuron disease,Motor neuron diseases or related disorders,08 Diseases of the nervous system,,,,,ALS with other neurological disorder (ALSND) is a classification for individuals with ALS and additional neurological conditions.,
Brainstem atrophy,8E7Y Other specified diseases of the nervous system,08 Diseases of the nervous system,,,,,,,Brainstem atrophy is a neurodegenerative condition characterized by the loss of neurons and tissue in the brainstem.,
C9orf72 gene-mutated ALS,8B60.0 Amyotrophic lateral sclerosis,8B60 Motor neuron disease,Motor neuron diseases or related disorders,08 Diseases of the nervous system,,,,,A form of amyotrophic lateral sclerosis associated with mutations in the C9orf72 gene.,
cerebral ischemia-reperfusion injury,Cerebral ischaemia,Cerebrovascular diseases,08 Diseases of the nervous system,,,,,,Cerebral ischemia-reperfusion injury refers to the paradoxical exacerbation of cellular dysfunction and death following the restoration of blood flow to previously ischemic brain tissue.,
Charcot-Marie-Tooth syndrome,8C21 Hereditary sensory or autonomic neuropathy,Hereditary neuropathy,"Disorders of nerve root, plexus or peripheral nerves",08 Diseases of the nervous system,,,,,"Charcot-Marie-Tooth syndrome is a group of inherited disorders that cause nerve damage, primarily in the arms and legs.",
HTLV-1-associated myelopathy(HAM),8B42 Myelopathy,Spinal cord disorders excluding trauma,08 Diseases of the nervous system,,,,,,"HAM/TSP is a chronic, progressive neurological disease associated with human T-cell lymphotropic virus type 1 (HTLV-1) infection.",
tropical spastic paraparesis (TSP),8A45.00 Human T-cell lymphotropic virus-associated myelopathy,8A45.0 White matter disorders due to infections,8A45 Secondary white matter disorders,Multiple sclerosis or other white matter disorders,08 Diseases of the nervous system,,,,,
idiopathic temporal lobe epilepsy,8A61 Genetic or presumed genetic syndromes primarily expressed as epilepsy,Epilepsy or seizures,08 Diseases of the nervous system,,,,,,"Idiopathic temporal lobe epilepsy (TLE) is a form of epilepsy with seizures originating in the temporal lobe, without a known structural cause.",
Myalgic Encephalomyelitis,8E49 Postviral fatigue syndrome,Certain disorders of the nervous system,08 Diseases of the nervous system,,,,,,"Myalgic Encephalomyelitis/Chronic Fatigue Syndrome is a complex, chronic illness characterized by extreme fatigue and other symptoms.",
Chronic Fatigue Syndrome,8E49 Postviral fatigue syndrome,Certain disorders of the nervous system,08 Diseases of the nervous system,,,,,,,
Neurodegenerative conditions,nonspecific,neural correlation,disease,others,,,,,,Neurodegenerative conditions are disorders characterized by the progressive loss of structure or function of neurons.
neurodegenerative diseases of the motor neuron,8B60 Motor neuron disease,Motor neuron diseases or related disorders,08 Diseases of the nervous system,,,,,,A group of diseases characterized by the progressive degeneration of motor neurons.,
Neuropsychiatric conditions,nonspecific,neural correlation,disease,others,,,,,,Neuropsychiatric conditions are disorders that involve both neurological and psychiatric symptoms.
X-linked dystonia parkinsonism (XDP),8A00.20 Parkinsonism due to heredodegenerative disorders,8A00.2 Secondary parkinsonism,8A00 Parkinsonism,Movement disorders,08 Diseases of the nervous system,,,,"X-linked dystonia-parkinsonism (XDP, DYT3) is a neurodegenerative disorder characterized by the clinical onset with dystonia followed by parkinsonism, endemic in the Philippine island of Panay.",
Alveolar capillary dysplasia with misalignment of pulmonary veins (ACDMPV),CB04.0 Diffuse pulmonary developmental disorders,CB04 Primary interstitial lung diseases specific to infancy or childhood,Respiratory diseases principally affecting the lung interstitium,12 Diseases of the respiratory system,,,,,ACDMPV is a rare lethal neonatal developmental lung disorder caused by mutations or deletions of FOXF1 or its enhancer.,
age-associated disorders,aging,others,,,,,,,A broad category of diseases and conditions whose prevalence increases with aging.,
autoimmune blistering disease,Immunobullous diseases of the skin,Inflammatory dermatoses,14 Diseases of the skin,,,,,,"Autoimmune blistering disease is a group of disorders where the immune system attacks proteins in the skin, causing blistering.",
diseases of visual system dysfunction,09 Diseases of the visual system,,,,,,,,A broad category of disorders affecting the visual system.,
Inherited retinal diseases (IRDs),9B70 Inherited retinal dystrophies,Disorders of the retina,Disorders of the eyeball - posterior segment,09 Diseases of the visual system,,,,,Inherited retinal diseases (IRDs) are a group of genetic disorders that affect the retina and can lead to vision loss.,
retinitis pigmentosa-2,9B70 Inherited retinal dystrophies,Disorders of the retina,Disorders of the eyeball - posterior segment,09 Diseases of the visual system,,,,,"Retinitis pigmentosa-2 is a form of retinitis pigmentosa, a group of inherited retinal degenerative diseases.",
X-linked retinitis pigmentosa 2,9B70 Inherited retinal dystrophies,Disorders of the retina,Disorders of the eyeball - posterior segment,09 Diseases of the visual system,,,,,X-linked retinitis pigmentosa 2 is a form of progressive retinal degeneration caused by mutations in the RP2 gene.,
Aicardi-Goutières syndrome (AGS),5C55.2 Disorders of nucleotide metabolism,"5C55 Inborn errors of purine, pyrimidine or nucleotide metabolism",Inborn errors of metabolism,Metabolic disorders,"05 Endocrine, nutritional or metabolic diseases",,,,"Aicardi-Goutières syndrome (AGS) is a type I interferonopathy, an autoimmune disease affecting the brain.",
NKX2-1-related disorder,CB04.5 Brain-lung-thyroid syndrome,CB04 Primary interstitial lung diseases specific to infancy or childhood,Respiratory diseases principally affecting the lung interstitium,12 Diseases of the respiratory system,,,,,"NKX2-1-related disorder is a condition caused by heterozygous NKX2-1 loss-of-function variants, characterized by hyperkinetic movement disorders, pulmonary dysfunction, and hypothyroidism.",
Pseudohypoparathyroidism type 1B (PHP1B),5A50.1 Pseudohypoparathyroidism,5A50 Hypoparathyroidism,Disorders of the parathyroids or parathyroid hormone system,Endocrine diseases,"05 Endocrine, nutritional or metabolic diseases",,,,"Pseudohypoparathyroidism type 1B is an imprinting disorder characterized by resistance to parathyroid hormone, often associated with loss of methylation at the GNAS locus.",
type 2 diabetes (T2D),5A11 Type 2 diabetes mellitus,Diabetes mellitus,Endocrine diseases,"05 Endocrine, nutritional or metabolic diseases",,,,,Type 2 diabetes is a chronic metabolic disorder characterized by insulin resistance and relative insulin deficiency.,
X-linked Kallmann syndrome,5A61.0 Hypopituitarism,5A61 Hypofunction or certain other specified disorders of pituitary gland,Disorders of the pituitary hormone system,Endocrine diseases,"05 Endocrine, nutritional or metabolic diseases",,,,X-linked Kallmann syndrome is a genetic disorder characterized by hypogonadotropic hypogonadism and anosmia.,
α-1 antitrypsin deficiency,5C5A Alpha-1-antitrypsin deficiency,Inborn errors of metabolism,Metabolic disorders,"05 Endocrine, nutritional or metabolic diseases",,,,,α-1 antitrypsin deficiency is a genetic disorder caused by mutations in the SERPINA1 gene.,
addiction-related diseases,Disorders due to substance use or addictive behaviours,"06 Mental, behavioural or neurodevelopmental disorders",,,,,,,"Addiction-related diseases are medical conditions associated with substance use disorders, such as those related to tobacco or alcohol.",
Autism spectrum disorder (ASD),6A02 Autism spectrum disorder,Neurodevelopmental disorders,"06 Mental, behavioural or neurodevelopmental disorders",,,,,,Autism Spectrum Disorder is a complex neurodevelopmental condition characterized by challenges in social communication and repetitive behaviors.,
C9orf72-mediated frontotemporal dementia,6D83 Frontotemporal dementia,Dementia,Neurocognitive disorders,"06 Mental, behavioural or neurodevelopmental disorders",,,,,Frontotemporal dementia caused by the hexanucleotide repeat expansion within the C9orf72 gene.,
emotional disorders,"06 Mental, behavioural or neurodevelopmental disorders",,,,,,,,Emotional disorders are a type of neurological condition for which LINE-1 has implications.,
Frontotemporal lobar degeneration (FTLD),8A23 Frontotemporal lobar degeneration,Disorders with neurocognitive impairment as a major feature,08 Diseases of the nervous system,,,,,,"Frontotemporal lobar degeneration (FTLD) is a group of disorders caused by progressive nerve cell loss in the brain's frontal or temporal lobes, affecting behavior, personality, and language.",
HIV-associated neurocognitive disorder,6D85.3 Dementia due to human immunodeficiency virus,6D85 Dementia due to diseases classified elsewhere,Dementia,Neurocognitive disorders,"06 Mental, behavioural or neurodevelopmental disorders",,,,HIV-associated neurocognitive disorder (HAND) is a spectrum of cognitive impairments associated with HIV infection.,
Neurodevelopmental diseases,Neurodevelopmental disorders,"06 Mental, behavioural or neurodevelopmental disorders",,,,,,,"Neurodevelopmental diseases are a group of conditions with onset in the developmental period, often leading to intellectual disability or other neurological impairments.",
Opioid physical dependence,6C43.2 Opioid dependence,6C43 Disorders due to use of opioids,Disorders due to substance use,Disorders due to substance use or addictive behaviours,"06 Mental, behavioural or neurodevelopmental disorders",,,,Opioid physical dependence is a state of adaptation manifested by a withdrawal syndrome upon cessation of drug use.,
pre-symptomatic dementia (PSD),Neurocognitive disorders,"06 Mental, behavioural or neurodevelopmental disorders",,,,,,,Pre-symptomatic dementia refers to the stage of cognitive decline before the onset of overt clinical symptoms.,
Adult T-cell leukemia/lymphoma (ATLL),"2A90.5 Adult T-cell lymphoma or leukaemia, human T-cell lymphotropic virus type 1-associated","2A90 Mature T-cell lymphoma, specified types, nodal or systemic",Mature T-cell or NK-cell neoplasms,Neoplasms of haematopoietic or lymphoid tissues,02 Neoplasms,,,,Adult T-cell leukemia/lymphoma is a very aggressive and chemoresistant leukemia caused by the human T-cell leukemia virus type 1 (HTLV-1).,
advanced gastric cancer,2B72 Malignant neoplasms of stomach,Malignant neoplasms of digestive organs,"Malignant neoplasms, stated or presumed to be primary, of specified sites, except of lymphoid, haematopoietic, central nervous system or related tissues","Malignant neoplasms, except primary neoplasms of lymphoid, haematopoietic, central nervous system or related tissues",02 Neoplasms,,,,Advanced gastric cancer (AGC) is a malignant tumor of the stomach at an advanced stage.,
advanced prostate carcinoma,2C82 Malignant neoplasms of prostate,Malignant neoplasms of male genital organs,"Malignant neoplasms, stated or presumed to be primary, of specified sites, except of lymphoid, haematopoietic, central nervous system or related tissues","Malignant neoplasms, except primary neoplasms of lymphoid, haematopoietic, central nervous system or related tissues",02 Neoplasms,,,,"Advanced prostate carcinoma refers to late-stage prostate cancer, often involving metastasis.",
Atypical teratoid/rhabdoid tumors (ATRTs),2A00.1Y Other specified embryonal tumours of brain,2A00.1 Embryonal tumours of brain,2A00 Primary neoplasms of brain,Neoplasms of central nervous system or related structures,02 Neoplasms,,,,Atypical teratoid/rhabdoid tumors are aggressive central nervous system tumors mainly affecting young children.,
B-acute lymphoblastic leukemia with KMT2A rearrangement,2A70.Y Other B-lymphoblastic leukaemia/lymphoma with recurrent genetic abnormalities,2A70 Precursor B-lymphoblastic neoplasms,Precursor lymphoid neoplasms,Neoplasms of haematopoietic or lymphoid tissues,02 Neoplasms,,,,B-acute lymphoblastic leukemia with KMT2A rearrangement (KMT2A-r B-ALL) is a subtype of B-cell acute lymphoblastic leukemia characterized by a chromosomal rearrangement involving the KMT2A gene.,
B-cell malignancies,Mature B-cell neoplasms,Neoplasms of haematopoietic or lymphoid tissues,02 Neoplasms,,,,,,"B cell malignancies are cancers that arise from B lymphocytes, such as leukemias and lymphomas.",
cancer progression,Progression,non-disease state,others,,,,,,"Cancer progression refers to the advancement of cancer, including growth and metastasis.",
CAR T-cell lymphoma,"2B33.5 Malignant lymphoma, not elsewhere classified",2B33 Malignant haematopoietic neoplasms without further specification,Neoplasms of haematopoietic or lymphoid tissues,02 Neoplasms,,,,,CAR T-cell lymphoma is a type of lymphoma that develops from chimeric antigen receptor (CAR) T cells.,
Carcinogenesis,Progression,non-disease state,others,,,,,,Carcinogenesis is the process by which normal cells are transformed into cancer cells.,
Castration-resistant prostate cancer,2C82.Y Other specified malignant neoplasms of prostate,2C82 Malignant neoplasms of prostate,Malignant neoplasms of male genital organs,"Malignant neoplasms, stated or presumed to be primary, of specified sites, except of lymphoid, haematopoietic, central nervous system or related tissues","Malignant neoplasms, except primary neoplasms of lymphoid, haematopoietic, central nervous system or related tissues",02 Neoplasms,,,Castration-resistant prostate cancer is an advanced form of prostate cancer that continues to progress despite androgen deprivation therapy.,
cell transformation,Progression,non-disease state,others,,,,,,"Cell transformation is the process by which normal cells acquire the properties of cancer cells, such as uncontrolled growth.",
clear cell renal cell carcinoma,"2C90 Malignant neoplasms of kidney, except renal pelvis",Malignant neoplasms of urinary tract,"Malignant neoplasms, stated or presumed to be primary, of specified sites, except of lymphoid, haematopoietic, central nervous system or related tissues","Malignant neoplasms, except primary neoplasms of lymphoid, haematopoietic, central nervous system or related tissues",02 Neoplasms,,,,Clear cell renal cell carcinoma is the most common subtype of renal cell carcinoma.,
CNS neuroblastoma,2A00.1Y Other specified embryonal tumours of brain,2A00.1 Embryonal tumours of brain,2A00 Primary neoplasms of brain,Neoplasms of central nervous system or related structures,02 Neoplasms,,,,CNS neuroblastoma is a type of embryonal tumor of the central nervous system.,
colitis-associated cancer,2B91.0 Adenocarcinoma of rectosigmoid junction,2B91 Malignant neoplasms of rectosigmoid junction,Malignant neoplasms of large intestine,Malignant neoplasms of intestine,Malignant neoplasms of digestive organs,"Malignant neoplasms, except primary neoplasms of lymphoid, haematopoietic, central nervous system or related tissues",02 Neoplasms,,Cancer that develops in the context of chronic inflammation of the colon.,
cutaneous T-cell lymphomas (CTCL),"Mature T-cell or NK-cell lymphomas and lymphoproliferative disorders, primary cutaneous specified types",Mature T-cell or NK-cell neoplasms,Neoplasms of haematopoietic or lymphoid tissues,02 Neoplasms,,,,,Cutaneous T-cell lymphomas (CTCL) are a group of non-Hodgkin lymphomas that primarily affect the skin.,
Desmoplastic small round cell tumor,"2B5F.2 Sarcoma, not elsewhere classified of other specified sites","2B5F Sarcoma, not elsewhere classified, primary site",Malignant mesenchymal neoplasms,"Malignant neoplasms, stated or presumed to be primary, of specified sites, except of lymphoid, haematopoietic, central nervous system or related tissues","Malignant neoplasms, except primary neoplasms of lymphoid, haematopoietic, central nervous system or related tissues",02 Neoplasms,,,Desmoplastic small round cell tumor (DSRCT) is a primitive multiphenotypic sarcoma arising in serosal tissues.,
endometriosis associated ovarian cancers,2C73 Malignant neoplasms of ovary,Malignant neoplasms of female genital organs,"Malignant neoplasms, stated or presumed to be primary, of specified sites, except of lymphoid, haematopoietic, central nervous system or related tissues","Malignant neoplasms, except primary neoplasms of lymphoid, haematopoietic, central nervous system or related tissues",02 Neoplasms,,,,"Endometriosis associated ovarian cancers (EAOC) include endometrioid and clear cell ovarian carcinomas that share a common precursor lesion, endometriosis.",
Epstein-Barr virus-associated gastric cancer,2B72.Y Other specified malignant neoplasms of stomach,2B72 Malignant neoplasms of stomach,Malignant neoplasms of digestive organs,"Malignant neoplasms, stated or presumed to be primary, of specified sites, except of lymphoid, haematopoietic, central nervous system or related tissues","Malignant neoplasms, except primary neoplasms of lymphoid, haematopoietic, central nervous system or related tissues",02 Neoplasms,,,Epstein-Barr virus-associated gastric cancer (EBVaGC) is a type of gastric cancer linked to Epstein-Barr virus infection.,
esophageal tumors,2B70 Malignant neoplasms of oesophagus,Malignant neoplasms of digestive organs,"Malignant neoplasms, stated or presumed to be primary, of specified sites, except of lymphoid, haematopoietic, central nervous system or related tissues","Malignant neoplasms, except primary neoplasms of lymphoid, haematopoietic, central nervous system or related tissues",02 Neoplasms,,,,Tumors originating in the esophagus.,
esophageal tumors,2E92.0 Benign neoplasm of oesophagus,2E92 Benign neoplasm of digestive organs,Benign neoplasms except of mesenchymal origin,"Benign neoplasms, except of lymphoid, haematopoietic, central nervous system or related tissues",02 Neoplasms,,,,,
familial colorectal cancer type X,2B90.Y Other specified malignant neoplasms of colon,2B90 Malignant neoplasms of colon,Malignant neoplasms of large intestine,Malignant neoplasms of intestine,Malignant neoplasms of digestive organs,"Malignant neoplasms, stated or presumed to be primary, of specified sites, except of lymphoid, haematopoietic, central nervous system or related tissues","Malignant neoplasms, except primary neoplasms of lymphoid, haematopoietic, central nervous system or related tissues",02 Neoplasms,Familial colorectal cancer type X (FCCX) is a condition characterized by a family history of colorectal cancer but without the mismatch repair defects seen in Lynch syndrome.,
gastric signet-ring cell carcinoma,2B72.Y Other specified malignant neoplasms of stomach,2B72 Malignant neoplasms of stomach,Malignant neoplasms of digestive organs,"Malignant neoplasms, stated or presumed to be primary, of specified sites, except of lymphoid, haematopoietic, central nervous system or related tissues","Malignant neoplasms, except primary neoplasms of lymphoid, haematopoietic, central nervous system or related tissues",02 Neoplasms,,,Gastric signet-ring cell carcinoma is a subtype of gastric cancer characterized by cells with abundant mucin pushing the nucleus to the periphery.,
gynecologic cancers,Malignant neoplasms of female genital organs,"Malignant neoplasms, stated or presumed to be primary, of specified sites, except of lymphoid, haematopoietic, central nervous system or related tissues","Malignant neoplasms, except primary neoplasms of lymphoid, haematopoietic, central nervous system or related tissues",02 Neoplasms,,,,,"A broad category of cancers affecting the female reproductive system, including ovarian and endometrial cancers.",
H3 K27M-mutant diffuse midline glioma,2A00.0Y Other specified gliomas of brain,2A00.0 Gliomas of brain,2A00 Primary neoplasms of brain,Neoplasms of central nervous system or related structures,,,,,H3 K27M-mutant diffuse midline gliomas are a subtype of high-grade glioma with a specific histone mutation.,
Heavy-metal carcinogenesis,Progression,non-disease state,others,,,,,,Heavy-metal carcinogenesis refers to cancer development induced by exposure to toxic heavy metals.,
High-grade glioma,Neoplasms of central nervous system or related structures,02 Neoplasms,,,,,,,"High-grade glioma (HGG) is a more aggressive, faster-growing type of glioma, such as glioblastoma.",
Hormone-receptor-negative breast cancer,2C6Y Other specified malignant neoplasms of breast,Malignant neoplasms of breast,"Malignant neoplasms, stated or presumed to be primary, of specified sites, except of lymphoid, haematopoietic, central nervous system or related tissues","Malignant neoplasms, except primary neoplasms of lymphoid, haematopoietic, central nervous system or related tissues",02 Neoplasms,,,,A subtype of breast cancer that lacks expression of estrogen and progesterone receptors.,
human lung cancer,2C25 Malignant neoplasms of bronchus or lung,"Malignant neoplasms of middle ear, respiratory or intrathoracic organs","Malignant neoplasms, stated or presumed to be primary, of specified sites, except of lymphoid, haematopoietic, central nervous system or related tissues","Malignant neoplasms, except primary neoplasms of lymphoid, haematopoietic, central nervous system or related tissues",02 Neoplasms,,,,Human lung cancer is a malignant tumor that begins in the cells of the lungs.,
human ovarian carcinomas,2C73.0 Carcinomas of ovary,2C73 Malignant neoplasms of ovary,Malignant neoplasms of female genital organs,"Malignant neoplasms, stated or presumed to be primary, of specified sites, except of lymphoid, haematopoietic, central nervous system or related tissues","Malignant neoplasms, except primary neoplasms of lymphoid, haematopoietic, central nervous system or related tissues",02 Neoplasms,,,Human ovarian carcinomas are malignant tumors of the ovary.,
Invasive breast cancer,2C61 Invasive carcinoma of breast,Malignant neoplasms of breast,"Malignant neoplasms, stated or presumed to be primary, of specified sites, except of lymphoid, haematopoietic, central nervous system or related tissues","Malignant neoplasms, except primary neoplasms of lymphoid, haematopoietic, central nervous system or related tissues",02 Neoplasms,,,,Breast cancer that has spread from where it began in the breast ducts or lobules into surrounding normal tissue.,
Kaposi's sarcoma-associated herpesvirus-related malignancies,"2B57 Kaposi sarcoma, primary site",Malignant mesenchymal neoplasms,"Malignant neoplasms, stated or presumed to be primary, of specified sites, except of lymphoid, haematopoietic, central nervous system or related tissues","Malignant neoplasms, except primary neoplasms of lymphoid, haematopoietic, central nervous system or related tissues",02 Neoplasms,,,,"Malignancies associated with Kaposi's sarcoma-associated herpesvirus (KSHV) infection, including primary effusion lymphoma and Kaposi's sarcoma.",
Kaposi's sarcoma-associated herpesvirus-related malignancies,2A81.9 Primary effusion lymphoma,2A81 Diffuse large B-cell lymphomas,Mature B-cell neoplasms,Neoplasms of haematopoietic or lymphoid tissues,02 Neoplasms,,,,,
Low-grade glioma,2A00.0Y Other specified gliomas of brain,2A00.0 Gliomas of brain,2A00 Primary neoplasms of brain,Neoplasms of central nervous system or related structures,02 Neoplasms,,,,"Low-grade glioma (LGG) is a less aggressive, slower-growing type of glioma.",
lung metastatic melanoma,"2E2Z Malignant neoplasm metastasis, unspecified",Malignant neoplasm metastases,"Malignant neoplasms, except primary neoplasms of lymphoid, haematopoietic, central nervous system or related tissues",02 Neoplasms,,,,,Lung metastatic melanoma is a cancer that has spread from the skin to the lungs.,
Lynch syndrome,2B90.Y Other specified malignant neoplasms of colon,2B90 Malignant neoplasms of colon,Malignant neoplasms of large intestine,Malignant neoplasms of intestine,Malignant neoplasms of digestive organs,"Malignant neoplasms, stated or presumed to be primary, of specified sites, except of lymphoid, haematopoietic, central nervous system or related tissues","Malignant neoplasms, except primary neoplasms of lymphoid, haematopoietic, central nervous system or related tissues",02 Neoplasms,Lynch syndrome is an autosomal dominant predisposition to cancer caused by heterozygous germline mutations in mismatch repair genes.,
metastatic peritoneal carcinoma,2D91 Malignant neoplasm metastasis in peritoneum,Malignant neoplasm metastasis in retroperitoneum or peritoneum,Malignant neoplasm metastases,"Malignant neoplasms, except primary neoplasms of lymphoid, haematopoietic, central nervous system or related tissues",02 Neoplasms,,,,"Metastatic peritoneal carcinoma refers to cancer that has spread to the peritoneum, the lining of the abdominal cavity.",
Mixed fibrolamellar hepatocellular carcinoma,2C12.02 Hepatocellular carcinoma of liver,2C12.0 Malignant neoplasm of liver,2C12 Malignant neoplasms of liver or intrahepatic bile ducts,Malignant neoplasms of digestive organs,"Malignant neoplasms, stated or presumed to be primary, of specified sites, except of lymphoid, haematopoietic, central nervous system or related tissues","Malignant neoplasms, except primary neoplasms of lymphoid, haematopoietic, central nervous system or related tissues",02 Neoplasms,,"Mixed fibrolamellar hepatocellular carcinoma (FL-HCC) is a subtype of liver cancer that resembles classic HCC, occurring in patients aged > 40 years and frequently involving the liver as the primary site of disease recurrence.",
MSLN-positive solid tumors,Biomarker,non-disease state,others,,,,,,MSLN-positive solid tumors are cancers that express the mesothelin (MSLN) antigen on their cell surface.,
muscle-invasive bladder cancer,2C94 Malignant neoplasms of bladder,Malignant neoplasms of urinary tract,"Malignant neoplasms, stated or presumed to be primary, of specified sites, except of lymphoid, haematopoietic, central nervous system or related tissues","Malignant neoplasms, except primary neoplasms of lymphoid, haematopoietic, central nervous system or related tissues",02 Neoplasms,,,,Muscle-invasive bladder cancer (MIBC) is an aggressive form of bladder cancer.,
myeloid malignancies,Myeloproliferative neoplasms,Neoplasms of haematopoietic or lymphoid tissues,02 Neoplasms,,,,,,"Myeloid malignancies are a group of cancers that affect the blood, bone marrow, and lymph nodes, originating from myeloid cells.",
oncogenesis,Progression,non-disease state,others,,,,,,"Oncogenesis is the process of tumor formation, often involving genetic alterations.",
oncological diseases,02 Neoplasms,,,,,,,,A broad category of diseases involving abnormal cell growth with the potential to invade or spread to other parts of the body.,
ovarian tumor,2C73 Malignant neoplasms of ovary,Malignant neoplasms of female genital organs,"Malignant neoplasms, stated or presumed to be primary, of specified sites, except of lymphoid, haematopoietic, central nervous system or related tissues","Malignant neoplasms, except primary neoplasms of lymphoid, haematopoietic, central nervous system or related tissues",02 Neoplasms,,,,A type of cancer that forms in the tissues of the ovary.,
ovarian tumor,2F32 Benign neoplasm of ovary,Benign neoplasms except of mesenchymal origin,"Benign neoplasms, except of lymphoid, haematopoietic, central nervous system or related tissues",02 Neoplasms,,,,,,
pancreatic neuroendocrine tumor,2C10.1 Neuroendocrine neoplasms of pancreas,2C10 Malignant neoplasm of pancreas,Malignant neoplasms of digestive organs,"Malignant neoplasms, stated or presumed to be primary, of specified sites, except of lymphoid, haematopoietic, central nervous system or related tissues","Malignant neoplasms, except primary neoplasms of lymphoid, haematopoietic, central nervous system or related tissues",02 Neoplasms,,,Pancreatic neuroendocrine tumor is a rare type of cancer that forms in the hormone-producing cells of the pancreas.,
pediatric germ cell tumors,2C80.2 Germ cell tumour of testis,2C80 Malignant neoplasms of testis,Malignant neoplasms of male genital organs,"Malignant neoplasms, stated or presumed to be primary, of specified sites, except of lymphoid, haematopoietic, central nervous system or related tissues","Malignant neoplasms, except primary neoplasms of lymphoid, haematopoietic, central nervous system or related tissues",02 Neoplasms,,,"Pediatric germ cell tumors are a type of cancer that occurs in children, including testicular, ovarian, and extragonadal tumors.",
pediatric germ cell tumors,2C73.1 Dysgerminoma of ovary,2C73 Malignant neoplasms of ovary,Malignant neoplasms of female genital organs,"Malignant neoplasms, stated or presumed to be primary, of specified sites, except of lymphoid, haematopoietic, central nervous system or related tissues","Malignant neoplasms, except primary neoplasms of lymphoid, haematopoietic, central nervous system or related tissues",02 Neoplasms,,,,
pediatric malignant germ cell tumor,2C80.2 Germ cell tumour of testis,2C80 Malignant neoplasms of testis,Malignant neoplasms of male genital organs,"Malignant neoplasms, stated or presumed to be primary, of specified sites, except of lymphoid, haematopoietic, central nervous system or related tissues","Malignant neoplasms, except primary neoplasms of lymphoid, haematopoietic, central nervous system or related tissues",02 Neoplasms,,,Pediatric malignant germ cell tumor (MGCT) is a type of cancer that arises from germ cells in children.,
pediatric malignant germ cell tumor,2C73.1 Dysgerminoma of ovary,2C73 Malignant neoplasms of ovary,Malignant neoplasms of female genital organs,"Malignant neoplasms, stated or presumed to be primary, of specified sites, except of lymphoid, haematopoietic, central nervous system or related tissues","Malignant neoplasms, except primary neoplasms of lymphoid, haematopoietic, central nervous system or related tissues",02 Neoplasms,,,,
Philadelphia chromosome-positive acute lymphoblastic leukemia,2A70.1 B lymphoblastic leukaemia or lymphoma with t(9:22) (q34;q11.2); BCR-ABL1,2A70 Precursor B-lymphoblastic neoplasms,Precursor lymphoid neoplasms,Neoplasms of haematopoietic or lymphoid tissues,02 Neoplasms,,,,Philadelphia chromosome-positive acute lymphoblastic leukemia (Ph(+)ALL) is a type of acute lymphoblastic leukemia characterized by the presence of the Philadelphia chromosome.,
prostate tumor,2C82 Malignant neoplasms of prostate,Malignant neoplasms of male genital organs,"Malignant neoplasms, stated or presumed to be primary, of specified sites, except of lymphoid, haematopoietic, central nervous system or related tissues","Malignant neoplasms, except primary neoplasms of lymphoid, haematopoietic, central nervous system or related tissues",02 Neoplasms,,,,A type of cancer that forms in the tissues of the prostate gland.,
prostate tumor,2F30 Benign neoplasm of breast,Benign neoplasms except of mesenchymal origin,"Benign neoplasms, except of lymphoid, haematopoietic, central nervous system or related tissues",02 Neoplasms,,,,,,
Pure fibrolamellar hepatocellular carcinoma,2C12.02 Hepatocellular carcinoma of liver,2C12.0 Malignant neoplasm of liver,2C12 Malignant neoplasms of liver or intrahepatic bile ducts,Malignant neoplasms of digestive organs,"Malignant neoplasms, stated or presumed to be primary, of specified sites, except of lymphoid, haematopoietic, central nervous system or related tissues","Malignant neoplasms, except primary neoplasms of lymphoid, haematopoietic, central nervous system or related tissues",02 Neoplasms,,Pure fibrolamellar hepatocellular carcinoma (FL-HCC) is a subtype of liver cancer that typically occurs in patients aged < 30 years and often presents with lymph node metastasis and extrahepatic recurrences.,
radiation-associated tumors,02 Neoplasms,,,,,,,,Radiation-associated tumors are neoplasms that develop as a consequence of prior radiation therapy.,
refractory Philadelphia chromosome-positive acute lymphoblastic leukemia,2A70.1 B lymphoblastic leukaemia or lymphoma with t(9:22) (q34;q11.2); BCR-ABL1,2A70 Precursor B-lymphoblastic neoplasms,Precursor lymphoid neoplasms,Neoplasms of haematopoietic or lymphoid tissues,02 Neoplasms,,,,"Refractory Philadelphia chromosome-positive acute lymphoblastic leukemia refers to Ph(+)ALL that is resistant to standard treatments, including tyrosine kinase inhibitors.",
Sarcomatoid renal cell carcinoma,"2C90.0 Renal cell carcinoma of kidney, except renal pelvis","2C90 Malignant neoplasms of kidney, except renal pelvis",Malignant neoplasms of urinary tract,"Malignant neoplasms, stated or presumed to be primary, of specified sites, except of lymphoid, haematopoietic, central nervous system or related tissues","Malignant neoplasms, except primary neoplasms of lymphoid, haematopoietic, central nervous system or related tissues",02 Neoplasms,,,Sarcomatoid renal cell carcinoma is an aggressive histological subtype of RCC characterized by spindle cells and poor prognosis.,
serous tubal intraepithelial carcinoma (STIC),2E67.3 Carcinoma in situ of other or unspecified female genital organs,2E67 Carcinoma in situ of other or unspecified genital organs,"In situ neoplasms, except of lymphoid, haematopoietic, central nervous system or related tissues",02 Neoplasms,,,,,"Precursor lesions found in the fallopian tubes, often associated with high-grade serous ovarian cancer.",
Small bowel adenocarcinoma,"2B80.20 Adenocarcinoma of small intestine, site unspecified","2B80.2 Malignant neoplasms of small intestine, site unspecified",2B80 Malignant neoplasms of small intestine,Malignant neoplasms of intestine,Malignant neoplasms of digestive organs,"Malignant neoplasms, stated or presumed to be primary, of specified sites, except of lymphoid, haematopoietic, central nervous system or related tissues","Malignant neoplasms, except primary neoplasms of lymphoid, haematopoietic, central nervous system or related tissues",02 Neoplasms,Small bowel adenocarcinoma (SBA) is a type of cancer that can be associated with conditions like Coeliac disease.,
solid cancers,02 Neoplasms,,,,,,,,"Solid cancers are a broad category of malignancies characterized by the formation of solid tumors, as opposed to liquid cancers like leukemias.",
stomach tumors,2B72 Malignant neoplasms of stomach,Malignant neoplasms of digestive organs,"Malignant neoplasms, stated or presumed to be primary, of specified sites, except of lymphoid, haematopoietic, central nervous system or related tissues","Malignant neoplasms, except primary neoplasms of lymphoid, haematopoietic, central nervous system or related tissues",02 Neoplasms,,,,Tumors originating in the stomach.,
stomach tumors,2E92.1 Benign neoplasm of stomach,2E92 Benign neoplasm of digestive organs,Benign neoplasms except of mesenchymal origin,"Benign neoplasms, except of lymphoid, haematopoietic, central nervous system or related tissues",02 Neoplasms,,,,,
Triple-negative breast cancer,"2C60 Carcinoma of breast, specialised type",Malignant neoplasms of breast,"Malignant neoplasms, stated or presumed to be primary, of specified sites, except of lymphoid, haematopoietic, central nervous system or related tissues","Malignant neoplasms, except primary neoplasms of lymphoid, haematopoietic, central nervous system or related tissues",02 Neoplasms,,,,"Triple-negative breast cancer (TNBC) is an aggressive subtype of breast cancer characterized by the lack of estrogen receptor, progesterone receptor, and HER2 expression.",
tumor progression,Progression,non-disease state,others,,,,,,"Tumor progression refers to the process by which a tumor grows, invades surrounding tissues, and potentially metastasizes.",
tumorigenesis,Progression,non-disease state,others,,,,,,Tumorigenesis is the process by which normal cells are transformed into cancer cells.,
upper gastrointestinal cancer,Malignant neoplasms of digestive organs,"Malignant neoplasms, stated or presumed to be primary, of specified sites, except of lymphoid, haematopoietic, central nervous system or related tissues","Malignant neoplasms, except primary neoplasms of lymphoid, haematopoietic, central nervous system or related tissues",02 Neoplasms,,,,,Upper gastrointestinal cancer includes esophageal and gastric cancers.,
Uterine corpus endometrial carcinoma (UCEC),2C76 Malignant neoplasms of corpus uteri,Malignant neoplasms of female genital organs,"Malignant neoplasms, stated or presumed to be primary, of specified sites, except of lymphoid, haematopoietic, central nervous system or related tissues","Malignant neoplasms, except primary neoplasms of lymphoid, haematopoietic, central nervous system or related tissues",02 Neoplasms,,,,Uterine Corpus Endometrial Carcinoma.,
uveal melanoma,2D0Y Other specified malignant neoplasms of eye or ocular adnexa,Malignant neoplasms of eye or ocular adnexa,"Malignant neoplasms, except primary neoplasms of lymphoid, haematopoietic, central nervous system or related tissues",02 Neoplasms,,,,,Uveal melanoma is a type of cancer that forms in the eye's uvea.,
well-differentiated liposarcoma,"2B5H Well differentiated lipomatous tumour, primary site",Malignant mesenchymal neoplasms,"Malignant neoplasms, stated or presumed to be primary, of specified sites, except of lymphoid, haematopoietic, central nervous system or related tissues","Malignant neoplasms, except primary neoplasms of lymphoid, haematopoietic, central nervous system or related tissues",02 Neoplasms,,,,"Well-differentiated liposarcoma is the most common subtype of liposarcoma, a soft tissue sarcoma.",
yolk sac tumor,2C73.Y Other specified malignant neoplasms of the ovary,2C73 Malignant neoplasms of ovary,Malignant neoplasms of female genital organs,"Malignant neoplasms, stated or presumed to be primary, of specified sites, except of lymphoid, haematopoietic, central nervous system or related tissues","Malignant neoplasms, except primary neoplasms of lymphoid, haematopoietic, central nervous system or related tissues",02 Neoplasms,,,,
yolk sac tumor,2F34 Benign neoplasm of male genital organs,Benign neoplasms except of mesenchymal origin,"Benign neoplasms, except of lymphoid, haematopoietic, central nervous system or related tissues",02 Neoplasms,,,,,,
yolk sac tumor,2A00.1Y Other specified embryonal tumours of brain,2A00.1 Embryonal tumours of brain,2A00 Primary neoplasms of brain,Neoplasms of central nervous system or related structures,,,,,Yolk sac tumor is a type of malignant germ cell tumor.,
age-related disorders,aging,others,,,,,,,Age-related disorders are diseases whose incidence increases with age.,
aging-related inflammation,aging,others,,,,,,,"Aging-related inflammation refers to the chronic, low-grade inflammatory state associated with aging.",
chronic human illness,nonspecific,genetic correlation,disease,others,,,,,,Chronic human illness refers to long-term health conditions that may be influenced by genetic factors.
disease-causing insertions,nonspecific,genetic correlation,disease,others,,,,,Disease-causing insertions refer to genetic disorders resulting from the insertion of transposable elements into functional genomic regions.,
genomic disease,nonspecific,genetic correlation,disease,others,,,,,"Genomic disorders are a class of genetic diseases caused by structural variations in the genome, often mediated by segmental duplications or repetitive elements.",
human genetic disease,nonspecific,genetic correlation,disease,others,,,,,Genetic diseases that are passed down from parents to offspring.,
human pathogenesis,concept,non-disease state,other,,,,,,Human pathogenesis refers to the process by which a disease develops in humans.,
human retroelement insertion-induced disease,nonspecific,genetic correlation,disease,others,,,,,A category of human diseases caused by the insertion of retrotransposable elements into the genome.,
insertional mutagenesis,Genomic event,non-disease state,other,,,,,,"Insertional mutagenesis is a process where the insertion of genetic material disrupts gene function, potentially leading to disease.",
mammalian aging,aging,others,,,,,,,Mammalian aging refers to the complex biological process of functional decline over time in mammals.,
more than 100 different diseases,nonspecific,disease,others,,,,,,The Major Histocompatibility Complex (MHC) class I region is strongly associated with more than 100 different diseases.,
neurogenetic disease,nonspecific,neural correlation,disease,others,,,,,,
Normal aging,aging,others,,,,,,,"Normal aging refers to the natural, time-dependent accumulation of physiological and neurological changes that occur in the absence of specific disease.",
repeat expansion diseases,nonspecific,genetic correlation,disease,others,,,,,Repeat expansion diseases are a class of disorders characterized by the instability of causative repeat mutations.,
senescence-associated diseases,aging,others,,,,,,,A class of diseases associated with cellular senescence.,
single-gene disease,nonspecific,genetic correlation,disease,others,,,,,Monogenic diseases are disorders caused by mutations in a single gene.,
Spontaneous Genetic Disorder,nonspecific,genetic correlation,disease,others,,,,,Genetic diseases caused by new mutations that are not inherited from parents.,
sporadic genetic diseases,nonspecific,genetic correlation,disease,others,,,,,"Sporadic genetic diseases are genetic disorders that occur in individuals with no family history of the condition, often due to de novo mutations.",
various severe diseases,nonspecific,disease,others,,,,,,Various severe diseases can be caused by LINE-1 retrotransposition.,
early spontaneous abortion,JA00.0 Spontaneous abortion,JA00 Abortion,Abortive outcome of pregnancy,"18 Pregnancy, childbirth or the puerperium",,,,,Early spontaneous miscarriage refers to pregnancy loss occurring in the early stages of gestation.,
First trimester miscarriage,Abortive outcome of pregnancy,"18 Pregnancy, childbirth or the puerperium",,,,,,,First trimester miscarriage refers to the spontaneous loss of a pregnancy before 13 weeks of gestation.,
chemoresistance,phenomenon,non-disease state,others,,,,,,Chemoresistance is the resistance of cancer cells to chemotherapy drugs.,
drug tolerance,phenomenon,non-disease state,others,,,,,,"Drug tolerance is a state of reduced responsiveness to a drug following repeated exposure, requiring higher doses to achieve the same effect.",
Persistent postoperative pain,MG30.21 Chronic postsurgical pain,MG30.2 Chronic postsurgical or post traumatic pain,Pain,General symptoms,"General symptoms, signs or clinical findings","21 Symptoms, signs or clinical findings, not elsewhere classified",,,Persistent postoperative pain is a chronic pain condition that continues after the expected healing period following surgery.,
